               1000 *--------------------------------
               1010 * MOONSWEEPER C-64 VERSION
               1020 * (C) 1984 IMAGIC
               1030 * BY DANIEL FILIBERTI
               1040 * A.C.T
               1050 *--------------------------------
               1060 *      .TI 55,MOONSWEEPER C-64

                1080        .IN MOON.MACROS,D1
                1000 *--------------------------------
                1010 * FILE>MOON.MACROS
                1020 *--------------------------------
                1030 * ADD AN 8BIT VALUE TO A
                1040 * 16 BIT RESULT
                1050 * FORMAT IS >ADD ]1,]2,]3
                1060 * ]1=BYTE TO ADD ]2=LOW ANSWER
                1070 *--------------------------------
                1080            .MA ADD
                1090            LDA #]1
                1100            CLC
                1110            ADC ]2
                1120            STA ]2
                1130            BCC :1
                1140            INC ]2+1
                1150 :1
                1160            .EM
                1170 *--------------------------------
                1180 * SUBTRACT AN 8BIT VALUE TO A
                1190 * 16 BIT RESULT
                1200 * FORMAT IS >SUB ]1,]2,]3
                1210 * ]1=BYTE TO ADD ]2=LOW ANSWER
                1220 *--------------------------------
                1230            .MA SUB
                1240            LDA ]1
                1250            SEC
                1260            SBC #]2
                1270            STA ]1
                1280            BCS :1
                1290            DEC ]1+1
                1300 :1
                1310            .EM
                1320 *--------------------------------
                1330 * BUILD A POINTER IN ZERO PAGE
                1340 *--------------------------------
                1350 * FORMAT >BUILD ]1,]2
                1360 * ]1=WHERE TO POINT TO IN MEMORY
                1370 * ]2=ZERO PAGE ADDRESS OF POINTER
                1380 *--------------------------------
                1390            .MA BUILD
                1400            LDA #]1
                1410            STA ]2
                1420            LDA /]1
                1430            STA ]2+1
                1440            .EM
                1450 *--------------------------------
                1460 * INCREMENT A 16 BIT VALUE
                1470 *--------------------------------
                1480            .MA INC
                1490            LDA ]1
                1500            CLC
                1510            ADC #$01
                1520            STA ]1
                1530            BCC :1
                1540            INC ]1+1
                1550 :1
                1560            .EM
                1570 *--------------------------------
                1580 * PRINT ROUTINE MACRO
                1590 * ENTER WITH ]1=XCOOR, ]2=YCOOR
                1600 * ]3=COLOR ]4=STRING TO PRINT!
                1610 *--------------------------------
                1620            .MA PRINT
                1630            LDX #]1
                1640            LDY #]2
                1650            LDA #]3
                1660            STA PRINT.COLOR
                1670            JSR PRINT
                1680            .AS -"]4"
                1690            .HS FF
                1700            .EM
                1090        .IN MOON.EQUATES,D1
                1000 *--------------------------------
                1010 * FILE>MOON.EQUATES
                1020 *--------------------------------
                1030            .OR $0860
                1040            .TF OBJECT,D2
                1050 *--------------------------------
                1060 * PROGRAM EQUATES
                1070 *--------------------------------
                1080 * PROGRAMMING EQUATES
                1090 *--------------------------------
                1100 * PROGRAM SPACE $0800-$3FFF
                1110 * CHARACTER SET $4000-$4800
                1120 * SCREEN MEMORY $4800-$4C00
                1130 * SPRITE MEMORY $4C00-$8000
                1140 * COLOR MEMORY  $D800-$DC00
                1150 * VARIABLES     $0400-$0800
                1160 *               $8000-$????
                1170 *--------------------------------
                1180 * PROGRAM EQUATES
                1190 *--------------------------------
4000-           1200 CHARACTER.MEMORY    .EQ $4000                    CHARACTER SET
4800-           1210 SCREEN.MEMORY       .EQ $4800                    SCREEN MEMORY
4BF8-           1220 SPRITE.POINTER      .EQ SCREEN.MEMORY+$3F8       SPRITE POINTERS
4C00-           1230 SPRITE.MEMORY       .EQ $4C00                    SPRITE MEMORY
D800-           1240 COLOR.MEMORY        .EQ $D800                    COLOR MEMORY
                1250 *--------------------------------
                1260 * VIDEO HARDWARE EQUATES
                1270 *--------------------------------
D020-           1280 BORDER.COLOR        .EQ $D020
D021-           1290 BACKGROUND.COLOR    .EQ $D021
D022-           1300 MCOL1               .EQ $D022
D023-           1310 MCOL2               .EQ $D023
D000-           1320 SPRITE.XPOS         .EQ $D000                    PLUS 2*SPRITE NUMBER!
D001-           1330 SPRITE.YPOS         .EQ $D001                    PLUS 2*SPRITE NUMBER!
D010-           1340 SPRITE.XMSB         .EQ $D010                    HIGH BIT OF XPOSITION
D011-           1350 VIC.CONTROL.1       .EQ $D011                    VIC CONTROL REGISTER
D012-           1360 RASTER              .EQ $D012                    RASTER REGISTER
D015-           1370 SPRITE.ENABLE       .EQ $D015                    SPRITE ENABLE REGISTER
D016-           1380 VIC.CONTROL.2       .EQ $D016                    SCROLL AND MULTI-COLOR
D017-           1390 SPRITE.YXPAND       .EQ $D017                    Y-EXPANSION OF SPRITES
D018-           1400 VIC.MEMORY          .EQ $D018                    MEMORY BANK CONTROL
D019-           1410 VIC.IRQ             .EQ $D019                    INTERRUPT FLAGS
D01A-           1420 IRQ.ENABLE          .EQ $D01A                    ENABLES INTERRUPTS
D01B-           1430 SPRITE.PRIORITY     .EQ $D01B                    SPRITE TO BACKGROUND
D01C-           1440 SPRITE.MULTI.COLOR  .EQ $D01C                    SPRITE MULTI COLOR
D01D-           1450 SPRITE.XXPAND       .EQ $D01D                    X-EXPANSION OF SPRITES
D01E-           1460 SPRITE.SCOLIDE      .EQ $D01E                    SPRITE TO SPRITE COLLISION
D01F-           1470 SPRITE.BCOLIDE      .EQ $D01F                    SPRITE TO BACKGROUND COLLISION
D025-           1480 SPRITE.MCOLOR.0     .EQ $D025                    COLOR REGISTER
D026-           1490 SPRITE.MCOLOR.1     .EQ $D026                    COLOR REGISTER
D027-           1500 SPRITE.COLOR        .EQ $D027                    MAIN SPRITE COLOR,SPRITE NUMBER
                1510 *--------------------------------
                1520 * CIA HARDWARE EQUATES
                1530 *--------------------------------
DC00-           1540 PORTA1              .EQ $DC00
DC01-           1550 PORTB1              .EQ $DC01
DC02-           1560 DDRA1               .EQ $DC02
DC03-           1570 DDRB1               .EQ $DC03
DD00-           1580 PORTA2              .EQ $DD00
DD01-           1590 PORTB2              .EQ $DD01
DD02-           1600 DDRA2               .EQ $DD02
DD03-           1610 DDRB2               .EQ $DD03
DC0D-           1620 CIA.1.IRQ           .EQ $DC0D                    CIA1 IRQ ENABLE
DD0D-           1630 CIA.2.IRQ           .EQ $DD0D                    CIA2 IRQ ENABLE
DC0E-           1640 CIA1.CTRL.A         .EQ $DC0E                    CIA1 CONTROL REG A
DC0F-           1650 CIA1.CTRL.B         .EQ $DC0F                    CIA1 CONTROL REG B
DD0E-           1660 CIA2.CTRL.A         .EQ $DD0E                    CIA2 CONTROL REG A
DD0F-           1670 CIA2.CTRL.B         .EQ $DD0F                    CIA2 CONTROL REG B
                1680 *--------------------------------
                1690 * AUDIO HARDWARE EQUATES
                1700 *--------------------------------
D418-           1710 MASTER.VOLUME       .EQ $D418
D406-           1720 ENVELOPE.1          .EQ $D406
D40D-           1730 ENVELOPE.2          .EQ $D40D
D414-           1740 ENVELOPE.3          .EQ $D414
D405-           1750 ATTACK.1            .EQ $D405
D40C-           1760 ATTACK.2            .EQ $D40C
D413-           1770 ATTACK.3            .EQ $D413
D404-           1780 SCNTRL.1            .EQ $D404
D40B-           1790 SCNTRL.2            .EQ $D40B
D412-           1800 SCNTRL.3            .EQ $D412
D400-           1810 FRQ.1               .EQ $D400
D407-           1820 FRQ.2               .EQ $D407
D40E-           1830 FRQ.3               .EQ $D40E
D402-           1840 WAVE.1              .EQ $D402
D409-           1850 WAVE.2              .EQ $D409
D410-           1860 WAVE.3              .EQ $D410
                1870 *--------------------------------
                1880 *  PROGRAM CONSTANTS
                1890 *--------------------------------
000F-           1900 NUMBER.OF.STRIPES   .EQ 15                       NUMBER OF STRIPES ROLLING
0003-           1910 OFTEN               .EQ 3                        HOW OFTEN STRIPES MOVE!
000C-           1920 STRIPE.HEIGHT       .EQ 12
0020-           1930 MAXIMUM.SPEED       .EQ $20                      MAX GROUND SPEED
0008-           1940 MINIMUM.SPEED       .EQ $08                      MIN GROUND SPEED
000F-           1950 MAXIMUM.VEL         .EQ $0F                      MAX VELOCITY
0001-           1960 MINIMUM.VEL         .EQ $01                      MIN VELOCITY
0040-           1970 FUELBURN            .EQ $40                      GAS CONSUMPTION SPEED
0004-           1980 SHIELDBURN          .EQ $04                    GAS CONSUMPTION SPEED WITH SHIELD
0003-           1990 DEATH.SPEED         .EQ $03                      SPEED OF DEATH EXPLOSION
0040-           2000 SHOT.SPEED          .EQ $40                      SPEED OF BULLETS
0028-           2010 BLPSND              .EQ $28
0040-           2020 SHTSND              .EQ $40
                2030 *--------------------------------
                2040 * COLORS
                2050 *--------------------------------
0000-           2060 BLACK               .EQ $00
0001-           2070 WHITE               .EQ $01
0002-           2080 RED                 .EQ $02
0003-           2090 CYAN                .EQ $03
0004-           2100 PURPLE              .EQ $04
0005-           2110 GREEN               .EQ $05
0006-           2120 BLUE                .EQ $06
0007-           2130 YELLOW              .EQ $07
0008-           2140 ORANGE              .EQ $08
0009-           2150 BROWN               .EQ $09
000A-           2160 LT.RED              .EQ $0A
000B-           2170 DK.GREY             .EQ $0B
000C-           2180 MED.GREY            .EQ $0C
000D-           2190 LT.GREEN            .EQ $0D
000E-           2200 LT.BLUE             .EQ $0E
000F-           2210 LT.GREY             .EQ $0F
                2220 *--------------------------------
                2230 * IRQ'S
                2240 *--------------------------------
0314-           2250 IRQLO               .EQ $314                     INTERRUPT VECTORS
0315-           2260 IRQHI               .EQ $315
0318-           2270 NMILO               .EQ $318                     NMI VECTORS
0319-           2280 NMIHI               .EQ $319
                2290 *--------------------------------
                2300 * ZERO PAGE VARIABLES
                2310 *--------------------------------
                2320            .DUMMY
                2330            .OR $05
                2340 *--------------------------------
0005-           2350 TEMP1               .BS 1                        TEMPORARY VARIABLE
0006-           2360 TEMP2               .BS 1                        TEMPORARY VARIABLE
0007-           2370 TEMP3               .BS 1                        TEMPORARY VARIABLE
0008-           2380 TEMP4               .BS 1                        TEMPORARY VARIABLE
0009-           2390 TEMP5               .BS 1                        TEMPORARY VARIABLE
000A-           2400 TEMP6               .BS 1                        TEMPORARY VARIABLE
000B-           2410 TEMP7               .BS 1
000C-           2420 TEMP8               .BS 1
000D-           2430 IRQ.TEMP1           .BS 1                        TEMPORARY VARIABLE USED IN IRQ
                2440 *--------------------------------
000E-           2450 POINT1              .BS 2                        POINTERS USED BY SCROLL UP/DOWN
0010-           2460 POINT2              .BS 2                        ROUTINES
0012-           2470 POINT3              .BS 2
0014-           2480 POINT4              .BS 2
                2490 *--------------------------------
0016-           2500 GAME.STATUS         .BS 1                        STATUS OF GAME AS FOLLOWS:
                2510 *                                                0 = UNIVERSE SCREEN
                2520 *                                                1 = ORBIT SCREEN
                2530 *                                                2 = INTO MOON
                2540 *                                                3 = ON MOON
                2550 *                                                4 = TAKE OFF FROM MOON
                2560 *--------------------------------
0017-           2570 ISSUE.STRIPE        .BS 2                        COUNTER WHEN TO ISSUE STRIPE
0019-           2580 GROUND.SPEED        .BS 1                        SPEED TRAVELING FOR STRIPES
001A-           2590 STRIPE.TABLE        .BS NUMBER.OF.STRIPES*3
                2600 *--------------------------------
0047-           2610 GALAXY              .BS 1                        WHAT GALAXY WE ARE IN 0-3
0048-           2620 LIVES               .BS 1                        HOW MANY LIVES ARE LEFT
0049-           2630 MOON.INDICATOR      .BS 1                        HOW MANY MOONS NEEDED
004A-           2640 MEN.PICKED.UP       .BS 1                        HOW MANY MEN PICKED UP
004B-           2650 SCORE               .BS 3                        6 DIGIT SCORE
004E-           2660 SCORE.TEMP          .BS 3                        HOLDS VALUE TO BE ADDED
                2670 *--------------------------------
0051-           2680 VEL.IND             .BS 1                        VELOCITY SPRITE
0052-           2690 FUEL.IND            .BS 1                        FUEL SPRITE
0053-           2700 FUEL                .BS 1                        AMOUNT OF FUEL
0054-           2710 BANK.STAGE          .BS 1                        POSITION OF SHIP
0055-           2720 SHIELD.DELAY        .BS 1                        DELAY FOR CHANGE OF COLOR
0056-           2730 SHIELD.COLOR        .BS 1                        COLOR OF SHIP
0057-           2740 SHIP.PHASE          .BS 1                        SHIP ANIMATION PHASE
0058-           2750 SHIP.COLOR          .BS 1                        COLOR OF SHIP UPDATED BY IRQ
0059-           2760 VELOCITY            .BS 1                        FROM 1-15
005A-           2770 VELX                .BS 1                        XPOS OF VELOCITY SPRITE
005B-           2780 BANKX               .BS 1                        XPOS OF BANK INDICATOR SPRITE
005C-           2790 FUELX               .BS 1                        XPOS OF FUEL INDICATOR SPRITE
005D-           2800 SHIP.DELAY          .BS 1                        DELAY FOR SHIP
005E-           2810 VEL.DELAY           .BS 1                        DELAY FOR VELOCITY
005F-           2820 SHIELD.ON.FLAG      .BS 1                        1 IF SHIELD IS ACTIVATED
0060-           2830 FUEL.DELAY          .BS 1                        DELAY FOR FUEL GUAGE
0061-           2840 KILL.FLAG           .BS 1                        TELLS MOVE.SHIP IF IN BLOWUP
0062-           2850 BLOW.UP.DELAY       .BS 2                        DELAY FOR BLOWUP SUBROUTINE
0064-           2860 FUEL.LOW.FLAG       .BS 1                        MAKE FUEL LOW SOUND?
0065-           2870 REENTRY.COLOR       .BS 1                        ALLOWS TIME DELAY AFTER DEATH
0066-           2880 RANDOM.NUMBER       .BS 1                        RANDOM NUMBER CREATED BY IRQ
0067-           2890 UPDATE.DELAY        .BS 2                        DELAY FOR SPRITE UPDATE
0069-           2900 TOP.COLLIDE         .BS 1                        HOLDS TOP IRQ COLLISION DATA
006A-           2910 MID.COLLIDE         .BS 1                        HOLDS MID IRQ COLLISION DATA
006B-           2920 SHIP.COLLIDE        .BS 1                        HOLDS SHIP COLLISION DATA
006C-           2930 SCROLL.COUNT        .BS 1                        COUNTS LINES SCROLLED 0-7
006D-           2940 SPEED.DELAY         .BS 1                        DELAYS GROUND SPEED UPDATE
                2950 *--------------------------------
006E-           2960 PLANET.COLOR        .BS 1                        HOLDS PLANET COLOR
006F-           2970 ISSUE.DELAY         .BS 1                        DELAY ISSUE OF NEW TOWER/MAN
0070-           2980 MULTI.COLOR.SAVE    .BS 1                        SHADOW FOR SPRITE MULTICOLOR
                2990 *--------------------------------
0071-           3000 SHAPE.INDEX         .BS 5
0076-           3010 SHAPE.CHANGE        .BS 5                        TELLS WHEN TO CHANGE PICTURE
007B-           3020 YCOUNT              .BS 5                        AMOUNT OF YMOVEMENT
0080-           3030 YCOUNT.REP          .BS 5                        SAVE YCOUNT
0085-           3040 SPRITE.FRACTION     .BS 5                        USED TO CALCULATE NEW HEIGHT
008A-           3050 SPRITE.WHOLE        .BS 5                        ADDED TO SPRITE STARTING POINT
008F-           3060 EXPLODE.FLAG        .BS 5                        SHOWS WHEN TO EXPLODE SPRITE
0094-           3070 EXPLODE.INDEX       .BS 5                        INDEX FOR EXPLOSION SHAPES
0099-           3080 CRATER.FLAG         .BS 5                        SHOWS WHEN TO START CRATER
009E-           3090 DO.RINGS.FLAG       .BS 1                        SHOWS WHEN TO DO RINGS
009F-           3100 EXPLODE.DELAY       .BS 1                        DELAY FOR EXPLOSION PIC UPDATE
00A0-           3110 RING.COUNT          .BS 1                        COUNTS RINGS PASSED THROUGH
00A1-           3120 READ.COLL.FLAG      .BS 1                        READ COLL ONLY AFTER UPDATING
00A2-           3130 RING.DELAY          .BS 1                        DELAY UNTIL RING PASSES SHIP
                3140 *--------------------------------
00A3-           3150 SHOT.STATUS         .BS 1                        1=SHOT
00A4-           3160 SHOT.POINTER        .BS 1                        POINTS TO SPRITE.POINTER+1
00A5-           3170 SHOT.TIME           .BS 1                        HOW MANY TIMES TO MOVE SHOT UP
00A6-           3180 SHOT.TIME.REP       .BS 1                        HOLDS VALUE FOR SHOT.TIME
00A7-           3190 SHOT.COLOR          .BS 1                        COLOR OF SHOTS
00A8-           3200 SHOT.DELAY          .BS 1                        DELAY COUNTER FOR SHOOT ROUTINE
00A9-           3210 SHOT.XMOVER         .BS 1                        VALUE ADDED TO SHOTX
00AA-           3220 SHOT.XFLAG          .BS 1                        SHOWS LEFT OR RIGHT SHOT MVMNT
00AB-           3230 SHOT.COUNT          .BS 1                        COUNTS FOR END OF PICTURES
                3240 *--------------------------------
00AC-           3250 OBJECT.TYPE         .BS 5                        SHOWS TYPE OF OBJECT IN SPRITE
00B1-           3260 OBJECT.COLOR        .BS 5                        COLOR OF ORBIT OBJECTS
00B6-           3270 SPRITE.STATUS       .BS 5                        FLAG FOR SPRITE ON/OFF SCREEN
00BB-           3280 ORBIT.SPRITE        .BS 5                        SHADOW FOR SPRITE POINTERS
00C0-           3290 XDIR.FLAG           .BS 5                        SHOWS LEFT OR RIGHT MOVEMENT
00C5-           3300 YDIR.FLAG           .BS 5                        SHOWS UP OR DOWN MOVEMENT
00CA-           3310 YTBL.POINTER        .BS 5                        POINTER INTO PARABOLA.YTBL
00CF-           3320 XTEMP               .BS 1                        STORES CALCULATED XPOS
00D0-           3330 YTEMP               .BS 1                        STORES CALCULATED YPOS
00D1-           3340 XMSBTEMP            .BS 1                        STORES CALCULATED XMSB
00D2-           3350 XMOVER              .BS 5                        HOLDS AMOUNT OF XMOVEMENT
00D7-           3360 START.DELAY         .BS 1                        LEAVE INTERVAL BETWEEN SPRITES
00D8-           3370 RADAR.MANX          .BS 1                        XPOS SHADOW OF RADAR MAN
00D9-           3380 RADAR.SHIPX         .BS 1                        XPOS SHADOW OF RADAR SHIP
                3390 *--------------------------------
00DA-           3400 SHIPX               .BS 2                        TABLE OF TEMPORARY VALUES
00DC-           3410 SHIPY               .BS 1                        FOR SPRITE X-Y POSITIONS
00DD-           3420 SHOTX               .BS 2
00DF-           3430 SHOTY               .BS 1                        USED AS SHADOWS TO HARDWARE
00E0-           3440 XSPRITE             .BS 5
00E5-           3450 XMSB.SPRITE         .BS 5
00EA-           3460 YSPRITE             .BS 5
00EF-           3470 NOTE.POINTER        .BS 2
00F1-           3480 NOTE.DELAY          .BS 1
                3490 *--------------------------------
                3500                     .ED
                3510 *--------------------------------
                3520                     .DUMMY
                3530                     .OR $200
                3540 *--------------------------------
0200-           3550 EXTRA.LIFE          .BS 1                        CHECK FOR EXTRA LIVES
                3560 *--------------------------------
0201-           3570 MOTHER.DIR          .BS 1                        DIRECTION OF MOTHER OR SATT
0202-           3580 MOTHER.DELAY        .BS 1                        DELAY FOR UPDATE
0203-           3590 MOTHER.STATUS       .BS 1                        ON/OFF SCREEN
0204-           3600 MOTHERY             .BS 3                        YPOS SAME FOR ALL SPRITES
0207-           3610 MOTHERX             .BS 3                        XPOS SHADOW
020A-           3620 MOTHERXMSB          .BS 3                        XMSB SHADOW
020D-           3630 MOTHER.SPRITE       .BS 3                        SPRITE POINTER SHADOW
0210-           3640 MOTHER.PATH         .BS 1                        DETERMINES WHICH PATH SUB.
0211-           3650 SINE.Y              .BS 1                        UP/DOWN FOR SINE WAVE
0212-           3660 SATELLITE.FLAG      .BS 1                        1=SATELLITE
                3670 *--------------------------------
0213-           3680 SAUCER.STATUS       .BS 2
0215-           3690 SAUCERY             .BS 2
0217-           3700 SAUCERX             .BS 2
0219-           3710 SAUCERXMSB          .BS 2
021B-           3720 SAUCER.SPRITE       .BS 2
021D-           3730 SAUCER.INDEX        .BS 2
021F-           3740 SAUCER.COUNT        .BS 1
0220-           3750 MOTHER.FLAG         .BS 1
0221-           3760 MOTHER.MOVE.FLAG    .BS 1
0222-           3770 SAUCER.XVEL         .BS 2
0224-           3780 SAUCER.YVEL         .BS 2
0226-           3790 SAUCER.XFRAC        .BS 2
0228-           3800 SAUCER.YFRAC        .BS 2
022A-           3810 SAUCER.UP.DELAY     .BS 2
022C-           3820 SAUCER.DELAY        .BS 1
022D-           3830 MOTHER.KILL.FLAG    .BS 1
022E-           3840 MOTHER.KILL.COUNT   .BS 1
022F-           3850 SAUCER.KILL.FLAG    .BS 2
0231-           3860 SAUCER.KILL.INDEX   .BS 2
0233-           3870 OLDSHIPX            .BS 2
0235-           3880 OLDSHIP.DELAY       .BS 1
0236-           3890 SAUCER.SHOT.XVEL    .BS 1
0237-           3900 SAUCER.SHOT.YVEL    .BS 1
0238-           3910 SAUCER.SHOT.STATUS  .BS 1
0239-           3920 SAUCER.SHOT.XFRAC   .BS 1
023A-           3930 SAUCER.SHOT.YFRAC   .BS 1
023B-           3940 SAUCER.SHOT.DELAY   .BS 1
023C-           3950 STOP.MOVE.FLAG      .BS 3
                3960 *--------------------------------
023F-           3970 WARNING.COUNT       .BS 1
0240-           3980 WARNING.FLAG        .BS 1
0241-           3990 SPACE.SND           .BS 2
0243-           4000 SHOT.SND            .BS 2
0245-           4010 BLOWUP.SND          .BS 1
0246-           4020 SHOT.UP.FLAG        .BS 1
0247-           4030 BUZZ                .BS 1
0248-           4040 RING.SOUND.INDEX    .BS 1
0249-           4050 XMSB.CHECK          .BS 1
024A-           4060 SYNC.COUNT          .BS 1
024B-           4070 SYNC.COUNT2         .BS 1
                4080 *--------------------------------
                4090                     .ED
                1100        .IN MOON.CODE.1,D1
                1000 *--------------------------------
                1010 * FILE>MOON.CODE.1
                1020 *--------------------------------
0860- 78        1030 COLD.START          SEI                          TURN OFF INTERRUPTS
0861- 20 37 0E  1040                     JSR INIT.IO                  SETUP I/O HARDWARE
0864- A9 00     1050                     LDA #$00
0866- AA        1060                     TAX
0867- 9D        1070 .1                  .HS 9D                       OPCODE FOR STA $ZZZZ,X
0868- 05 00     1080                     .DA TEMP1                    BYTES FOR ADDRESS OF STA
086A- 9D 00 D0  1090                     STA $D000,X                  CLEAR 6566 VIDEO REGISTERS
086D- 9D 00 D4  1100                     STA $D400,X                  CLEAR 6581 SID REGISTERS
0870- E8        1110                     INX
0871- D0 F4     1120                     BNE .1
0873- 9A        1130                     TXS                          RESET STACK POINTER
0874- 20 51 0D  1140                     JSR INIT.HARDWARE
0877- 20 72 0E  1150                     JSR INIT.GAME
                1160 *--------------------------------
                1170 * DO THE GALAXY SCREEN
                1180 *--------------------------------
087A- 20 C2 0F  1190 GALAXY.LOOP         JSR HYPER.SPACE              DO HYPERSPACE PICTURE
087D- 20 DC 0E  1200                     JSR MOVE.SCREEN              PUT IN UNIVERSE
0880- 20 4D 11  1210                     JSR PICK.GALAXY              GET GALAXY CHOSEN
0883- 20 C2 0F  1220                     JSR HYPER.SPACE              DO HYPERSPACE PICTURE
0886- 20 DC 0E  1230                     JSR MOVE.SCREEN              PUT IN ORBIT
                1240 *--------------------------------
                1250 * DO THE ORBIT SCREEN
                1260 *--------------------------------
0889- 20 A4 08  1270                     JSR INIT.ORBIT               SET UP ORBIT SCREEN
                1280 *--------------------------------
                1290 * ORBIT LOOP
                1300 *--------------------------------
088C- 20 17 09  1310 ORBIT.LOOP          JSR DO.SHIP                  UPDATE SHIP
088F- 20 4A 0C  1320                     JSR DO.FUEL                  UPDATE FUEL
0892- 20 F2 0C  1330                     JSR BLOW.UP.SHIP             KILL SHIP IF NEEDED
0895- 20 8C 0B  1340                     JSR UPDATE.SHOT              UPDATE A SHOT
0898- 20 41 12  1350                     JSR DO.ORBIT                 MOVE ORBIT SPRITES
089B- 20 49 14  1360                     JSR COLLISION.DETECT         CHECK FOR COLLISIONS
089E- 20 E0 23  1370                     JSR DO.SOUNDS
08A1- 4C 8C 08  1380                     JMP ORBIT.LOOP               DO IT AGAIN
                1390 *--------------------------------
                1400 * INITIALIZE ORBIT SCENE
                1410 *--------------------------------
08A4- AD 16 D0  1420 INIT.ORBIT          LDA VIC.CONTROL.2            TURN ON MULTI COLOR MODE!
08A7- 09 10     1430                     ORA #$10
08A9- 8D 16 D0  1440                     STA VIC.CONTROL.2
08AC- A9 08     1450                     LDA #$08
08AE- 85 D7     1460                     STA START.DELAY
08B0- A9 02     1470                     LDA #$02
08B2- 85 68     1480                     STA UPDATE.DELAY+1
08B4- A9 20     1490                     LDA #$20
08B6- 85 6D     1500                     STA SPEED.DELAY
08B8- A9 C4     1510                     LDA #$C4
08BA- 85 52     1520                     STA FUEL.IND
08BC- A9 30     1530                     LDA #$30
08BE- 85 5C     1540                     STA FUELX
08C0- A9 40     1550                     LDA #FUELBURN
08C2- 85 60     1560                     STA FUEL.DELAY
08C4- 20 B5 0E  1570                     JSR DO.MOON.INDICATOR        SHOW NUMBER OF MOONS TO LANDD
08C7- A9 10     1580                     LDA #$10
08C9- 8D 12 D0  1590                     STA RASTER                   SET INTERRUPT LINE
08CC- A9 81     1600                     LDA #$81
08CE- 8D 1A D0  1610                     STA IRQ.ENABLE               ENABLE INTERRUPT
08D1- 58        1620                     CLI
08D2- 20 07 09  1630                     JSR INIT.ORBIT2
08D5- A9 04     1640                     LDA #$04
08D7- 85 59     1650                     STA VELOCITY
08D9- 20 1C 0C  1660                     JSR DO.VELOCITY
08DC- A9 01     1670                     LDA #$01
08DE- 85 16     1680                     STA GAME.STATUS
08E0- 85 A1     1690                     STA READ.COLL.FLAG
08E2- A9 01     1700                     LDA #WHITE
08E4- 85 58     1710                     STA SHIP.COLOR
08E6- A9 BE     1720                     LDA #$BE
08E8- 85 DC     1730                     STA SHIPY
08EA- A9 00     1740                     LDA #$00
08EC- 85 DB     1750                     STA SHIPX+1
08EE- A2 18     1760                     LDX #$18                     INIT SHIP X,Y POSITIONS
08F0- 86 DA     1770 .1                  STX SHIPX
08F2- 86 05     1780                     STX TEMP1
08F4- A0 00     1790                     LDY #$00
08F6- 88        1800 .2                  DEY                          SLIDE SHIP INTO SCENE FOR
08F7- D0 FD     1810                     BNE .2
08F9- A6 05     1820                     LDX TEMP1                    EFFECT!
08FB- E8        1830                     INX
08FC- E0 A8     1840                     CPX #$A8
08FE- D0 F0     1850                     BNE .1
0900- A9 01     1860                     LDA #$01                     SET SHIP COLOR TO WHITE!
0902- 85 65     1870                     STA REENTRY.COLOR
0904- 85 58     1880                     STA SHIP.COLOR
0906- 60        1890                     RTS
                1900 *--------------------------------
                1910 * INITS VARIABLES IN ORBIT SCENE
                1920 *--------------------------------
0907- A9 33     1930 INIT.ORBIT2         LDA #$33                     SETUP PROPER SHIP SHAPE
0909- 85 57     1940                     STA SHIP.PHASE
090B- E6 54     1950                     INC BANK.STAGE
090D- 20 F9 0B  1960                     JSR DO.BANK.INDICATOR        INITALLY SHOW INDICATORS!
0910- A9 00     1970                     LDA #$00
0912- 85 61     1980                     STA KILL.FLAG
0914- 85 54     1990                     STA BANK.STAGE
0916- 60        2000                     RTS
                2010 *--------------------------------
                2020 * MOVE AND BANK SHIP
                2030 *--------------------------------
0917- 20 8C 0B  2040 DO.SHIP             JSR UPDATE.SHOT
091A- A5 61     2050                     LDA KILL.FLAG
091C- F0 01     2060                     BEQ .3
091E- 60        2070                     RTS
091F- A6 59     2080 .3                  LDX VELOCITY
0921- A5 5D     2090                     LDA SHIP.DELAY
0923- 38        2100                     SEC
0924- FD 26 30  2110                     SBC VEL.SUB.TABLE,X
0927- 85 5D     2120                     STA SHIP.DELAY
0929- 90 01     2130                     BCC .2
092B- 60        2140                     RTS
092C- A5 16     2150 .2                  LDA GAME.STATUS
092E- C9 03     2160                     CMP #$03
0930- D0 04     2170                     BNE .21
0932- A9 0C     2180                     LDA #$0C
0934- D0 02     2190                     BNE .22
0936- A9 80     2200 .21                 LDA #$80
0938- 85 5D     2210 .22                 STA SHIP.DELAY
093A- A5 65     2220                     LDA REENTRY.COLOR            DO SHIPS COLOR
093C- C9 01     2230                     CMP #$01
093E- F0 0A     2240                     BEQ .4
0940- A9 01     2250                     LDA #$01
0942- 85 5F     2260                     STA SHIELD.ON.FLAG
0944- C6 65     2270                     DEC REENTRY.COLOR
0946- A5 65     2280                     LDA REENTRY.COLOR
0948- 29 0F     2290                     AND #$0F
094A- 85 58     2300 .4                  STA SHIP.COLOR
094C- 20 74 16  2310                     JSR GETPORT
094F- 29 0C     2320                     AND #$0C
0951- C9 0C     2330                     CMP #$0C
0953- D0 03     2340                     BNE .1
0955- 20 E8 0A  2350                     JSR DO.STRAIGHTEN            STRAIGHTEN SHIP IF NO MOVEMENT
0958- A2 00     2360 .1                  LDX #$00                     OTHERWISE CHECK ALL MOVEMENT
095A- 20 74 16  2370                     JSR GETPORT                  AND JSR ACCORDINGLY
095D- 6A        2380 DO.SHIP.4           ROR
095E- B0 19     2390                     BCS DO.SHIP.3
0960- 48        2400                     PHA
0961- 8A        2410                     TXA
0962- 48        2420                     PHA
0963- BD 83 09  2430                     LDA EXECUTION.TABLE,X
0966- 85 05     2440                     STA TEMP1
0968- BD 84 09  2450                     LDA EXECUTION.TABLE+1,X
096B- 85 06     2460                     STA TEMP2
096D- A9 09     2470                     LDA /DO.SHIP.2-1
096F- 48        2480                     PHA
0970- A9 75     2490                     LDA #DO.SHIP.2-1
0972- 48        2500                     PHA
0973- 6C 05 00  2510                     JMP (TEMP1)
0976- 68        2520 DO.SHIP.2           PLA
0977- AA        2530                     TAX
0978- 68        2540                     PLA
0979- E8        2550 DO.SHIP.3           INX
097A- E8        2560                     INX
097B- E0 0A     2570                     CPX #$0A
097D- D0 DE     2580                     BNE DO.SHIP.4
097F- 20 8C 0B  2590                     JSR UPDATE.SHOT              KEEP SHOT SPEED SAME
0982- 60        2600                     RTS
                2610 *--------------------------------
0983- 8D 09     2620 EXECUTION.TABLE     .DA DO.UP
0985- BB 09     2630                     .DA DO.DOWN
0987- 17 0A     2640                     .DA DO.LEFT
0989- 44 0A     2650                     .DA DO.RIGHT
098B- FD 0A     2660                     .DA DO.SHOOT
                2670 *--------------------------------
                2680 * DO UP IF ON PLANET
                2690 *--------------------------------
098D- A5 16     2700 DO.UP               LDA GAME.STATUS              ORBIT SCENE HAS NO GROUNDSPEED
098F- C9 03     2710                     CMP #$03
0991- D0 10     2720                     BNE .1
0993- C6 6D     2730                     DEC SPEED.DELAY
0995- D0 0C     2740                     BNE .1
0997- A9 20     2750                     LDA #$20
0999- 85 6D     2760                     STA SPEED.DELAY
099B- A5 19     2770                     LDA GROUND.SPEED             INC GROUNDSPEED IF NOT AT MAX
099D- C9 20     2780                     CMP #MAXIMUM.SPEED
099F- F0 02     2790                     BEQ .1
09A1- E6 19     2800                     INC GROUND.SPEED
09A3- E6 5E     2810 .1                  INC VEL.DELAY
09A5- A5 5E     2820                     LDA VEL.DELAY
09A7- C9 20     2830                     CMP #$20
09A9- D0 0F     2840                     BNE .2
09AB- A9 00     2850                     LDA #$00
09AD- 85 5E     2860                     STA VEL.DELAY
09AF- A5 59     2870                     LDA VELOCITY                 INC VELOCITY IF NOT AT MAX
09B1- C9 0F     2880                     CMP #MAXIMUM.VEL
09B3- F0 05     2890                     BEQ .2
09B5- E6 59     2900                     INC VELOCITY
09B7- 20 1C 0C  2910                     JSR DO.VELOCITY              UPDATE GUAGE
09BA- 60        2920 .2                  RTS
                2930 *--------------------------------
                2940 * DO DOWN IF ON PLANET
                2950 *--------------------------------
09BB- E6 5E     2960 DO.DOWN             INC VEL.DELAY                DEC VELOCITY IF NOT AT MIN
09BD- A5 5E     2970                     LDA VEL.DELAY
09BF- C9 20     2980                     CMP #$20
09C1- D0 0F     2990                     BNE .2
09C3- A9 00     3000                     LDA #$00
09C5- 85 5E     3010                     STA VEL.DELAY
09C7- A5 59     3020                     LDA VELOCITY
09C9- C9 01     3030                     CMP #MINIMUM.VEL
09CB- F0 05     3040                     BEQ .2
09CD- C6 59     3050                     DEC VELOCITY
09CF- 20 1C 0C  3060                     JSR DO.VELOCITY              UPDATE GUAGE
09D2- A5 16     3070 .2                  LDA GAME.STATUS              IF IN ORBIT DO SHIELD
09D4- C9 03     3080                     CMP #$03
09D6- D0 16     3090                     BNE DO.SHIELD
09D8- C6 6D     3100                     DEC SPEED.DELAY
09DA- D0 11     3110                     BNE .1
09DC- A9 20     3120                     LDA #$20
09DE- 85 6D     3130                     STA SPEED.DELAY
09E0- A5 19     3140                     LDA GROUND.SPEED             DEC GROUNDSPEED IF NOT AT MIN
09E2- C9 08     3150                     CMP #MINIMUM.SPEED
09E4- F0 07     3160                     BEQ .1
09E6- C6 19     3170                     DEC GROUND.SPEED
09E8- A9 00     3180                     LDA #$00
09EA- 8D 48 02  3190                     STA RING.SOUND.INDEX
09ED- 60        3200 .1                  RTS
                3210 *--------------------------------
                3220 * TURNS ON SHIELD IF PULLING BACK
                3230 *--------------------------------
09EE- A5 55     3240 DO.SHIELD           LDA SHIELD.DELAY
09F0- 49 01     3250                     EOR #$01
09F2- 85 55     3260                     STA SHIELD.DELAY
09F4- D0 0C     3270                     BNE .1
09F6- E6 56     3280                     INC SHIELD.COLOR             COLOR FOR SHIELD
09F8- A5 56     3290                     LDA SHIELD.COLOR
09FA- C9 06     3300                     CMP #$06                     6 COLORS FROM TABLE
09FC- 90 04     3310                     BCC .1
09FE- A9 00     3320                     LDA #$00
0A00- 85 56     3330                     STA SHIELD.COLOR
0A02- A6 56     3340 .1                  LDX SHIELD.COLOR
0A04- BD 11 0A  3350                     LDA COLORS.FOR.SHIELD,X
0A07- 85 58     3360                     STA SHIP.COLOR
0A09- A9 01     3370                     LDA #$01
0A0B- 85 5F     3380                     STA SHIELD.ON.FLAG           NO COLLISION DETECT!
0A0D- 8D 47 02  3390                     STA BUZZ
0A10- 60        3400                     RTS
                3410 *--------------------------------
0A11- 02 04 07
0A14- 06 05 08  3420 COLORS.FOR.SHIELD   .HS 020407060508
                3430 *--------------------------------
                3440 * MOVE SHIP LEFT AND BANK IT.
                3450 *--------------------------------
0A17- A5 54     3460 DO.LEFT             LDA BANK.STAGE
0A19- 10 06     3470                     BPL .11
0A1B- 20 71 0A  3480                     JSR CONTINUE.SPEED           KEEP GOING IN SAME DIRECTION
0A1E- 4C 38 0A  3490                     JMP .1
0A21- A5 DB     3500 .11                 LDA SHIPX+1                  MSB
0A23- D0 06     3510                     BNE .2
0A25- A5 DA     3520                     LDA SHIPX
0A27- C9 18     3530                     CMP #$18                     LEFT BOUNDARY
0A29- F0 0D     3540                     BEQ .1
0A2B- A5 DA     3550 .2                  LDA SHIPX
0A2D- 38        3560                     SEC
0A2E- E9 01     3570                     SBC #$01
0A30- 85 DA     3580                     STA SHIPX                    MOVE LEFT ONE POSITION
0A32- B0 04     3590                     BCS .1
0A34- A9 00     3600                     LDA #$00
0A36- 85 DB     3610                     STA SHIPX+1                  MSB
0A38- A5 54     3620 .1                  LDA BANK.STAGE               CHECK FOR BANK STAGE UPDATE
0A3A- C9 18     3630                     CMP #$18
0A3C- F0 05     3640                     BEQ .3
0A3E- E6 54     3650                     INC BANK.STAGE               INC BANK STAGE
0A40- 20 A7 0A  3660                     JSR CALC.SHIP.STAGE          BANK SHIP IF NEEDED
0A43- 60        3670 .3                  RTS
                3680 *--------------------------------
                3690 * MOVE SHIP RIGHT AND BANK IT.
                3700 *--------------------------------
0A44- A5 54     3710 DO.RIGHT            LDA BANK.STAGE
0A46- 30 06     3720                     BMI .11
0A48- 20 71 0A  3730                     JSR CONTINUE.SPEED           KEEP GOING IN SAME DIRECTION
0A4B- 4C 65 0A  3740                     JMP .1
0A4E- A5 DB     3750 .11                 LDA SHIPX+1                  MSB
0A50- F0 06     3760                     BEQ .2
0A52- A5 DA     3770                     LDA SHIPX
0A54- C9 48     3780                     CMP #$48                     RIGHT BOUNDARY
0A56- F0 0D     3790                     BEQ .1
0A58- A5 DA     3800 .2                  LDA SHIPX
0A5A- 18        3810                     CLC
0A5B- 69 01     3820                     ADC #$01                     MOVE RIGHT ONE POSITION
0A5D- 85 DA     3830                     STA SHIPX
0A5F- 90 04     3840                     BCC .1
0A61- A9 01     3850                     LDA #$01
0A63- 85 DB     3860                     STA SHIPX+1                  MSB
0A65- A5 54     3870 .1                  LDA BANK.STAGE               CHECK FOR BANK STAGE UPDATE
0A67- C9 E8     3880                     CMP #$E8
0A69- F0 05     3890                     BEQ .3
0A6B- C6 54     3900                     DEC BANK.STAGE               DEC BANK STAGE
0A6D- 20 A7 0A  3910                     JSR CALC.SHIP.STAGE          BANK SHIP IF NEEDED
0A70- 60        3920 .3                  RTS
                3930 *--------------------------------
                3940 * CONTINUE GOING IN SAME DIRECTION
                3950 * UNTIL BANK STAGE CHANGES
                3960 *--------------------------------
0A71- A5 54     3970 CONTINUE.SPEED      LDA BANK.STAGE
0A73- F0 31     3980                     BEQ .2                       FIND CRUISING DIRECTION
0A75- 10 18     3990                     BPL .1
0A77- A5 DB     4000                     LDA SHIPX+1                  MSB
0A79- F0 06     4010                     BEQ .3
0A7B- A5 DA     4020                     LDA SHIPX
0A7D- C9 48     4030                     CMP #$48                     RIGHT BOUNDARY
0A7F- F0 25     4040                     BEQ .2
0A81- A5 DA     4050 .3                  LDA SHIPX
0A83- 18        4060                     CLC
0A84- 69 01     4070                     ADC #$01                     CONTINUE RIGHT MOVEMENT
0A86- 85 DA     4080                     STA SHIPX
0A88- 90 04     4090                     BCC .5
0A8A- A9 01     4100                     LDA #$01
0A8C- 85 DB     4110                     STA SHIPX+1                  MSB
0A8E- 60        4120 .5                  RTS
0A8F- A5 DB     4130 .1                  LDA SHIPX+1                  MSB
0A91- D0 06     4140                     BNE .4
0A93- A5 DA     4150                     LDA SHIPX
0A95- C9 18     4160                     CMP #$18                     LEFT BOUNDARY
0A97- F0 0D     4170                     BEQ .2
0A99- A5 DA     4180 .4                  LDA SHIPX
0A9B- 38        4190                     SEC
0A9C- E9 01     4200                     SBC #$01                     CONTINUE LEFT MOVEMENT
0A9E- 85 DA     4210                     STA SHIPX
0AA0- B0 04     4220                     BCS .2
0AA2- A9 00     4230                     LDA #$00
0AA4- 85 DB     4240                     STA SHIPX+1                  MSB
0AA6- 60        4250 .2                  RTS
                4260 *--------------------------------
                4270 * CALCULATES SHIP STAGE
                4280 *--------------------------------
0AA7- 20 F9 0B  4290 CALC.SHIP.STAGE     JSR DO.BANK.INDICATOR        UPDATE GUAGE
0AAA- A5 54     4300                     LDA BANK.STAGE               GET POSITION VALUE OF BANK
0AAC- F0 2A     4310                     BEQ .6                       LEFT,MIDDLE,OR RIGHT?
0AAE- 10 19     4320                     BPL .5
0AB0- A2 03     4330                     LDX #$03
0AB2- BD E1 0A  4340 .1                  LDA RIGHT.TABLE-1,X          CHECK WITH TABLE VALUES
0AB5- C5 54     4350                     CMP BANK.STAGE               (-VALUE=RIGHT,+VALUE=LEFT)
0AB7- 90 05     4360                     BCC .2
0AB9- F0 03     4370                     BEQ .2
0ABB- CA        4380                     DEX
0ABC- D0 F4     4390                     BNE .1
0ABE- 8A        4400 .2                  TXA                          X CONTAINS VALUE TO ADD TO
0ABF- 85 05     4410                     STA TEMP1                    SPRITE OFFSET
0AC1- 38        4420                     SEC
0AC2- A9 37     4430                     LDA #$37                     SPRITE # OFFSET
0AC4- E5 05     4440                     SBC TEMP1
0AC6- 85 57     4450                     STA SHIP.PHASE               UPDATE SHIP SPRITE
0AC8- 60        4460                     RTS
0AC9- A2 03     4470 .5                  LDX #$03
0ACB- BD E4 0A  4480 .3                  LDA LEFT.TABLE-1,X           CHECK WITH TABLE VALUES
0ACE- C5 54     4490                     CMP BANK.STAGE
0AD0- 90 05     4500                     BCC .4
0AD2- F0 03     4510                     BEQ .4
0AD4- CA        4520                     DEX
0AD5- D0 F4     4530                     BNE .3
0AD7- 8A        4540 .4                  TXA                          X CONTAINS VALUE TO SUBTRACT
0AD8- 85 05     4550 .6                  STA TEMP1
0ADA- A9 33     4560                     LDA #$33                     SPRITE # OFFSET
0ADC- 38        4570                     SEC
0ADD- E5 05     4580                     SBC TEMP1
0ADF- 85 57     4590                     STA SHIP.PHASE               UPDATE SHIP SPRITE
0AE1- 60        4600                     RTS
                4610 *--------------------------------
0AE2- E8 F0 F8  4620 RIGHT.TABLE         .HS E8F0F8
0AE5- 08 10 18  4630 LEFT.TABLE          .HS 081018
                4640 *--------------------------------
                4650 * STRAIGHTEN OUT SHIP
                4660 *--------------------------------
0AE8- 20 71 0A  4670 DO.STRAIGHTEN       JSR CONTINUE.SPEED           KEEP CRUISING
0AEB- A5 54     4680                     LDA BANK.STAGE               GET BANK STAGE
0AED- F0 0D     4690                     BEQ .1                       IF 0 THEN WE ARE STRAIGHT
0AEF- 10 06     4700                     BPL .2                       +,-
0AF1- E6 54     4710                     INC BANK.STAGE               INCREMENT TO BANK TOWARDS LEFT
0AF3- 20 A7 0A  4720                     JSR CALC.SHIP.STAGE          UPDATE SPRITE
0AF6- 60        4730                     RTS
0AF7- C6 54     4740 .2                  DEC BANK.STAGE               DECREMENT TO BANK TO RIGHT
0AF9- 20 A7 0A  4750                     JSR CALC.SHIP.STAGE          UPDATE SPRITE
0AFC- 60        4760 .1                  RTS
                4770 *--------------------------------
                4780 * FIRE SHOT
                4790 *--------------------------------
0AFD- A5 A3     4800 DO.SHOOT            LDA SHOT.STATUS
0AFF- F0 01     4810                     BEQ .1                       IS THERE A SHOT ON SCREEN?
0B01- 60        4820                     RTS
0B02- A9 09     4830 .1                  LDA #$09
0B04- 85 A5     4840                     STA SHOT.TIME
0B06- 85 A6     4850                     STA SHOT.TIME.REP
0B08- A9 40     4860                     LDA #SHTSND
0B0A- 8D 43 02  4870                     STA SHOT.SND
0B0D- A5 16     4880                     LDA GAME.STATUS
0B0F- C9 01     4890                     CMP #$01                     IF IN ORBIT, ONLY SHOOT UP.
0B11- D0 0E     4900                     BNE .2
0B13- A9 72     4910 .5                  LDA #$72
0B15- 85 A4     4920                     STA SHOT.POINTER             SHOT UP PIC
0B17- A9 00     4930                     LDA #$00
0B19- 85 A9     4940                     STA SHOT.XMOVER              NO XMOVEMENT
0B1B- A9 01     4950                     LDA #$01
0B1D- 85 AA     4960                     STA SHOT.XFLAG               ONLY UPDATE YPOS
0B1F- D0 3E     4970                     BNE .7
0B21- 20 74 16  4980 .2                  JSR GETPORT                  READ JOYSTICK
0B24- 6A        4990                     ROR
0B25- 6A        5000                     ROR
0B26- B0 0D     5010                     BCS .3                       IF UP, INCREASE Y MOVEMENT
0B28- 48        5020                     PHA
0B29- A9 10     5030                     LDA #$10
0B2B- 85 A5     5040                     STA SHOT.TIME
0B2D- 85 A6     5050                     STA SHOT.TIME.REP
0B2F- A9 01     5060                     LDA #$01
0B31- 8D 46 02  5070                     STA SHOT.UP.FLAG
0B34- 68        5080                     PLA
0B35- 6A        5090 .3                  ROR
0B36- 90 03     5100                     BCC .4                       CHECK FOR LEFT
0B38- 6A        5110                     ROR
0B39- B0 D8     5120                     BCS .5                       CHECK FOR RIGHT OR UP
0B3B- A5 57     5130 .4                  LDA SHIP.PHASE
0B3D- 38        5140                     SEC
0B3E- E9 33     5150                     SBC #$33                     GET SHIP PHASE
0B40- F0 D1     5160                     BEQ .5
0B42- 90 0C     5170                     BCC .6
0B44- 85 A9     5180                     STA SHOT.XMOVER              AMOUNT OF XMOVEMENT
0B46- A9 02     5190                     LDA #$02
0B48- 85 AA     5200                     STA SHOT.XFLAG               1=MOVE RIGHT
0B4A- A9 7B     5210                     LDA #$7B
0B4C- 85 A4     5220                     STA SHOT.POINTER             FIRST SHOT SHAPE RIGHT
0B4E- D0 0F     5230                     BNE .7
0B50- 49 FF     5240 .6                  EOR #$FF                     GET ABSOLUTE VALUE
0B52- 18        5250                     CLC
0B53- 69 01     5260                     ADC #$01
0B55- 85 A9     5270                     STA SHOT.XMOVER              AMOUNT OF XMOVEMENT
0B57- A9 00     5280                     LDA #$00
0B59- 85 AA     5290                     STA SHOT.XFLAG               0=MOVE LEFT
0B5B- A9 6B     5300                     LDA #$6B
0B5D- 85 A4     5310                     STA SHOT.POINTER             FIRST SHOT SHAPE LEFT
0B5F- A5 A9     5320 .7                  LDA SHOT.XMOVER
0B61- C9 03     5330                     CMP #$03
0B63- F0 04     5340                     BEQ .8
0B65- A9 73     5350                     LDA #$73
0B67- 85 A4     5360                     STA SHOT.POINTER
0B69- A5 DA     5370 .8                  LDA SHIPX                    XPOS OF SHOT
0B6B- 85 DD     5380                     STA SHOTX
0B6D- A5 DB     5390                     LDA SHIPX+1                  MSB
0B6F- 85 DE     5400                     STA SHOTX+1
0B71- A9 B0     5410                     LDA #$B0                     YPOS OF SHOT
0B73- 85 DF     5420                     STA SHOTY
0B75- A9 08     5430                     LDA #ORANGE
0B77- 85 A7     5440                     STA SHOT.COLOR
0B79- A9 01     5450                     LDA #$01
0B7B- 85 A3     5460                     STA SHOT.STATUS
0B7D- A5 16     5470                     LDA GAME.STATUS
0B7F- C9 03     5480                     CMP #$03
0B81- D0 04     5490                     BNE .9
0B83- A9 06     5500                     LDA #$06
0B85- D0 02     5510                     BNE .10
0B87- A9 40     5520 .9                  LDA #SHOT.SPEED
0B89- 85 A8     5530 .10                 STA SHOT.DELAY
0B8B- 60        5540                     RTS
                5550 *--------------------------------
                5560 * UPDATE SHOT POINTERS
                5570 *--------------------------------
0B8C- C6 A8     5580 UPDATE.SHOT         DEC SHOT.DELAY
0B8E- D0 68     5590                     BNE .1
0B90- A5 16     5600                     LDA GAME.STATUS
0B92- C9 03     5610                     CMP #$03
0B94- D0 04     5620                     BNE .7
0B96- A9 06     5630                     LDA #$06
0B98- D0 02     5640                     BNE .8
0B9A- A9 40     5650 .7                  LDA #SHOT.SPEED
0B9C- 85 A8     5660 .8                  STA SHOT.DELAY               CONTROL SPEED TO MAKE UNIFORM
0B9E- A5 A3     5670                     LDA SHOT.STATUS
0BA0- F0 56     5680                     BEQ .1
0BA2- C6 DF     5690                     DEC SHOTY                    MOVE UP SCREEN
0BA4- A5 AA     5700                     LDA SHOT.XFLAG               LEFT OR RIGHT
0BA6- D0 19     5710                     BNE .2
0BA8- A5 DD     5720                     LDA SHOTX
0BAA- 38        5730                     SEC
0BAB- E5 A9     5740                     SBC SHOT.XMOVER              MOVE LEFT
0BAD- 85 DD     5750                     STA SHOTX
0BAF- B0 04     5760                     BCS .3
0BB1- A9 00     5770                     LDA #$00
0BB3- 85 DE     5780                     STA SHOTX+1
0BB5- A5 DE     5790 .3                  LDA SHOTX+1                  CHECK XPOS IF OFF SCREEN
0BB7- D0 25     5800                     BNE .4
0BB9- A5 DD     5810                     LDA SHOTX
0BBB- C9 08     5820                     CMP #$08
0BBD- B0 1F     5830                     BCS .4
0BBF- 90 2F     5840                     BCC .5
0BC1- C9 01     5850 .2                  CMP #$01                     IF UP DON'T MOVE XPOS
0BC3- F0 19     5860                     BEQ .4
0BC5- A5 DD     5870                     LDA SHOTX
0BC7- 18        5880                     CLC
0BC8- 65 A9     5890                     ADC SHOT.XMOVER              MOVE RIGHT
0BCA- 85 DD     5900                     STA SHOTX
0BCC- 90 04     5910                     BCC .6
0BCE- A9 01     5920                     LDA #$01
0BD0- 85 DE     5930                     STA SHOTX+1
0BD2- A5 DE     5940 .6                  LDA SHOTX+1                  CHECK XPOS IF OFF SCREEN
0BD4- F0 08     5950                     BEQ .4
0BD6- A5 DD     5960                     LDA SHOTX
0BD8- C9 58     5970                     CMP #$58
0BDA- 90 02     5980                     BCC .4
0BDC- B0 12     5990                     BCS .5
0BDE- C6 A5     6000 .4                  DEC SHOT.TIME
0BE0- D0 16     6010                     BNE .1
0BE2- A5 A6     6020                     LDA SHOT.TIME.REP
0BE4- 85 A5     6030                     STA SHOT.TIME
0BE6- E6 A4     6040                     INC SHOT.POINTER
0BE8- E6 AB     6050                     INC SHOT.COUNT
0BEA- A5 AB     6060                     LDA SHOT.COUNT
0BEC- C9 07     6070                     CMP #$07                     CHECK FOR LAST PIC
0BEE- D0 08     6080                     BNE .1
0BF0- A9 00     6090 .5                  LDA #$00
0BF2- 85 A3     6100                     STA SHOT.STATUS              CHECK FOR ANOTHER BUTTON PRESS
0BF4- 85 DF     6110                     STA SHOTY
0BF6- 85 AB     6120                     STA SHOT.COUNT
0BF8- 60        6130 .1                  RTS                          SHOT NOT DONE, WAIT TILL IT IS
                6140 *--------------------------------
                6150 * SETS VALUE FOR BANK INDICATOR
                6160 *--------------------------------
0BF9- A5 54     6170 DO.BANK.INDICATOR   LDA BANK.STAGE               GET BANK STAGE
0BFB- F0 1E     6180                     BEQ .1                       IF 0 THEN CENTER GUAGE
0BFD- 10 11     6190                     BPL .2                       GREATER THAN 0
0BFF- 49 FF     6200                     EOR #$FF                     GET ABSOLUTE VALUE
0C01- 18        6210                     CLC
0C02- 69 01     6220                     ADC #$01
0C04- 4A        6230                     LSR                          DIVIDE BY 2
0C05- 4A        6240                     LSR
0C06- 85 05     6250                     STA TEMP1
0C08- A9 68     6260                     LDA #$68
0C0A- 18        6270                     CLC
0C0B- 65 05     6280                     ADC TEMP1                    MOVE TO RIGHT
0C0D- 85 5B     6290                     STA BANKX                    XPOS OF BANK INDICATOR SPRITE
0C0F- 60        6300                     RTS
0C10- 4A        6310 .2                  LSR
0C11- 4A        6320                     LSR
0C12- 85 05     6330                     STA TEMP1
0C14- A9 68     6340                     LDA #$68
0C16- 38        6350                     SEC
0C17- E5 05     6360                     SBC TEMP1                    MOVE TO LEFT
0C19- 85 5B     6370                     STA BANKX
0C1B- 60        6380 .1                  RTS
                6390 *--------------------------------
                6400 * MOVES VELOCITY DIAL
                6410 *--------------------------------
0C1C- A5 59     6420 DO.VELOCITY         LDA VELOCITY                 GET VELOCITY
0C1E- C9 08     6430                     CMP #$08                     VEL. = 0 TO 15 SO 8 IS MIDDLE
0C20- F0 1F     6440                     BEQ .2                       CENTER GUAGE
0C22- 90 10     6450                     BCC .3                       LESS THAN
0C24- 38        6460                     SEC
0C25- E9 08     6470                     SBC #$08                     GET AMOUNT FROM MIDDLE (8)
0C27- 48        6480                     PHA
0C28- 18        6490                     CLC
0C29- 69 42     6500                     ADC #$42                     XPOS OF GUAGE SPRITE
0C2B- 85 5A     6510                     STA VELX
0C2D- 68        6520                     PLA
0C2E- 18        6530                     CLC
0C2F- 69 BD     6540                     ADC #$BD
0C31- 85 51     6550                     STA VEL.IND                  UPDATE SPRITE PIC
0C33- 60        6560                     RTS
0C34- 48        6570 .3                  PHA
0C35- 18        6580                     CLC
0C36- 69 2E     6590                     ADC #$2E                     XPOS OF GUAGE
0C38- 85 5A     6600                     STA VELX
0C3A- 68        6610                     PLA
0C3B- 18        6620                     CLC
0C3C- 69 B5     6630                     ADC #$B5                     UPDATE SPRITE
0C3E- 85 51     6640                     STA VEL.IND
0C40- 60        6650                     RTS
0C41- A9 BD     6660 .2                  LDA #$BD
0C43- 85 51     6670                     STA VEL.IND                  MIDDLE PIC
0C45- A9 38     6680                     LDA #$38                     MIDDLE XPOS
0C47- 85 5A     6690                     STA VELX
0C49- 60        6700                     RTS
                6710 *--------------------------------
                6720 * DETERMINES AMOUNT OF FUEL
                6730 *--------------------------------
0C4A- A5 61     6740 DO.FUEL             LDA KILL.FLAG                IN EXPLOSION SEQUENCE=1
0C4C- F0 01     6750                     BEQ .13
0C4E- 60        6760                     RTS
0C4F- C6 60     6770 .13                 DEC FUEL.DELAY               DELAY FOR GUAGE
0C51- D0 45     6780                     BNE .45
0C53- A5 16     6790                     LDA GAME.STATUS
0C55- C9 03     6800                     CMP #$03
0C57- D0 04     6810                     BNE .8
0C59- A9 06     6820                     LDA #$06
0C5B- D0 02     6830                     BNE .9
0C5D- A9 40     6840 .8                  LDA #FUELBURN                RESET
0C5F- 85 60     6850 .9                  STA FUEL.DELAY
0C61- A5 16     6860                     LDA GAME.STATUS
0C63- C9 03     6870                     CMP #$03
0C65- F0 6C     6880                     BEQ .2
0C67- A5 5F     6890                     LDA SHIELD.ON.FLAG           IF SHIELD ON DEC MORE
0C69- D0 68     6900                     BNE .2
0C6B- A5 53     6910                     LDA FUEL
0C6D- 38        6920                     SEC
0C6E- E9 01     6930                     SBC #$01                     FUEL=FUEL-1
0C70- 85 53     6940                     STA FUEL
0C72- B0 5E     6950                     BCS .1
0C74- A5 52     6960 .4                  LDA FUEL.IND
0C76- C9 BA     6970                     CMP #$BA                     USED TO MOVE GUAGE SMOOTHLY
0C78- D0 04     6980                     BNE .7
0C7A- E6 64     6990                     INC FUEL.LOW.FLAG
0C7C- D0 14     7000                     BNE .12
0C7E- C9 BE     7010 .7                  CMP #$BE                     MIDDLE POSITION
0C80- F0 0A     7020                     BEQ .3
0C82- C9 BD     7030                     CMP #$BD
0C84- D0 0A     7040                     BNE .5
0C86- A9 1F     7050                     LDA #$1F
0C88- 85 5C     7060                     STA FUELX
0C8A- D0 04     7070                     BNE .5
0C8C- A9 21     7080 .3                  LDA #$21
0C8E- 85 5C     7090                     STA FUELX
0C90- C6 5C     7100 .5                  DEC FUELX
0C92- C6 52     7110 .12                 DEC FUEL.IND                 UPDATE SPRITE
0C94- A5 52     7120                     LDA FUEL.IND
0C96- C9 B6     7130                     CMP #$B6                     OUT OF FUEL?
0C98- D0 38     7140 .45                 BNE .1
0C9A- A9 37     7150                     LDA #$37
0C9C- 85 57     7160                     STA SHIP.PHASE               FIRST EXPLOSION PIC
0C9E- A9 01     7170                     LDA #$01
0CA0- 85 61     7180                     STA KILL.FLAG                INIT BLOW UP ROUTINES
0CA2- 85 58     7190                     STA SHIP.COLOR               WHITE
0CA4- A9 00     7200                     LDA #$00
0CA6- 85 64     7210                     STA FUEL.LOW.FLAG
0CA8- A9 C4     7220                     LDA #$C4
0CAA- 85 52     7230                     STA FUEL.IND
0CAC- A9 30     7240                     LDA #$30
0CAE- 85 5C     7250                     STA FUELX
0CB0- A9 10     7260                     LDA #$10
0CB2- 85 62     7270                     STA BLOW.UP.DELAY
0CB4- A9 01     7280                     LDA #$01
0CB6- D0 02     7290                     BNE .11
0CB8- A9 03     7300                     LDA #DEATH.SPEED
0CBA- 85 63     7310 .11                 STA BLOW.UP.DELAY+1          DELAY FOR EXPLOSION
0CBC- A9 28     7320                     LDA #BLPSND
0CBE- 8D 45 02  7330                     STA BLOWUP.SND
0CC1- 78        7340                     SEI
0CC2- A9 19     7350                     LDA #BLOWUP.SOUND.TBL
0CC4- 85 EF     7360                     STA NOTE.POINTER
0CC6- A9 30     7370                     LDA /BLOWUP.SOUND.TBL
0CC8- 85 F0     7380                     STA NOTE.POINTER+1
0CCA- A9 01     7390                     LDA #$01
0CCC- 85 F1     7400                     STA NOTE.DELAY
0CCE- 58        7410                     CLI
0CCF- 4C F2 0C  7420                     JMP BLOW.UP.SHIP             START BLOW UP
0CD2- 60        7430 .1                  RTS
                7440 *--------------------------------
0CD3- A5 65     7450 .2                  LDA REENTRY.COLOR
0CD5- C9 01     7460                     CMP #$01
0CD7- D0 F9     7470                     BNE .1
0CD9- 20 74 16  7480                     JSR GETPORT                  READ STICKS
0CDC- 29 02     7490                     AND #$02                     SHIELD STILL ON!
0CDE- F0 07     7500                     BEQ .6
0CE0- A9 00     7510                     LDA #$00
0CE2- 85 5F     7520                     STA SHIELD.ON.FLAG
0CE4- 8D 47 02  7530                     STA BUZZ
0CE7- A5 53     7540 .6                  LDA FUEL
0CE9- 38        7550                     SEC
0CEA- E9 04     7560                     SBC #SHIELDBURN              FASTER FUEL DEC
0CEC- 85 53     7570                     STA FUEL
0CEE- B0 E2     7580                     BCS .1
0CF0- 90 82     7590                     BCC .4
                7600 *--------------------------------
                7610 * KILL SHIP AND SUBTRACT LIFE
                7620 *--------------------------------
0CF2- A5 61     7630 BLOW.UP.SHIP        LDA KILL.FLAG                ARE WE IN KILL SEQUENCE
0CF4- F0 5A     7640                     BEQ .1
0CF6- C6 62     7650                     DEC BLOW.UP.DELAY
0CF8- D0 56     7660                     BNE .1
0CFA- C6 63     7670                     DEC BLOW.UP.DELAY+1
0CFC- D0 52     7680                     BNE .1
0CFE- A5 16     7690                     LDA GAME.STATUS
0D00- C9 03     7700                     CMP #$03
0D02- D0 08     7710                     BNE .3
0D04- A9 08     7720                     LDA #$08
0D06- 85 62     7730                     STA BLOW.UP.DELAY
0D08- A9 01     7740                     LDA #$01
0D0A- D0 02     7750                     BNE .4
0D0C- A9 03     7760 .3                  LDA #DEATH.SPEED             RESET
0D0E- 85 63     7770 .4                  STA BLOW.UP.DELAY+1
0D10- E6 58     7780                     INC SHIP.COLOR
0D12- E6 57     7790                     INC SHIP.PHASE               UPDATE SPRITE
0D14- A5 57     7800                     LDA SHIP.PHASE
0D16- C9 3E     7810                     CMP #$3E                     DONE?
0D18- D0 36     7820                     BNE .1
0D1A- C6 48     7830                     DEC LIVES                    UPDATE LIVES
0D1C- A5 48     7840                     LDA LIVES
0D1E- 20 9D 0E  7850                     JSR DO.LIVES
0D21- A5 48     7860                     LDA LIVES
0D23- D0 20     7870                     BNE .2
0D25- A9 00     7880                     LDA #$00
0D27- A0 04     7890                     LDY #$04
0D29- 99 EA 00  7900 .6                  STA YSPRITE,Y
0D2C- 88        7910                     DEY
0D2D- 10 FA     7920                     BPL .6
0D2F- AD 11 D0  7930 .7                  LDA VIC.CONTROL.1
0D32- 10 FB     7940                     BPL .7
0D34- AD 11 D0  7950 .8                  LDA VIC.CONTROL.1
0D37- 30 FB     7960                     BMI .8
0D39- A5 16     7970                     LDA GAME.STATUS
0D3B- C9 03     7980                     CMP #$03
0D3D- D0 03     7990                     BNE .5
0D3F- 4C FE 21  8000                     JMP TAKE.OFF.MOON
0D42- 4C 2A 16  8010 .5                  JMP GAME.OVER                IF 0 THEN GAME OVER
0D45- 20 07 09  8020 .2                  JSR INIT.ORBIT2              PUT SHIP BACK ON
0D48- A9 FF     8030                     LDA #$FF
0D4A- 85 65     8040                     STA REENTRY.COLOR            SHIELD ON WHEN SHIP APPEARS
0D4C- A9 01     8050                     LDA #$01
0D4E- 85 5F     8060                     STA SHIELD.ON.FLAG
0D50- 60        8070 .1                  RTS
                1110        .IN MOON.CODE.2,D1
                1000 *--------------------------------
                1010 * FILE>MOON.CODE.2
                1020 *--------------------------------
0D51- AD 02 DD  1030 INIT.HARDWARE       LDA DDRA2
0D54- 09 03     1040                     ORA #$03                     SELECT VIDEO BANK
0D56- 8D 02 DD  1050                     STA DDRA2
0D59- AD 00 DD  1060                     LDA PORTA2
0D5C- 29 FC     1070                     AND #$FC
0D5E- 09 02     1080                     ORA #$02                     SELECT BANK 1
0D60- 8D 00 DD  1090                     STA PORTA2                   $4000-$8000
0D63- A9 20     1100                     LDA #$20                     SETUP POINTER TO CHARACTER SET
0D65- 8D 18 D0  1110                     STA VIC.MEMORY
0D68- A9 04     1120                     LDA #PURPLE
0D6A- 8D 22 D0  1130                     STA MCOL1
0D6D- A9 07     1140                     LDA #YELLOW
0D6F- 8D 23 D0  1150                     STA MCOL2
0D72- A9 00     1160                     LDA #$00
0D74- 8D 1C D0  1170                     STA SPRITE.MULTI.COLOR
0D77- A9 57     1180                     LDA #$57
0D79- 85 66     1190                     STA RANDOM.NUMBER
0D7B- A9 60     1200                     LDA #COLD.START
0D7D- 8D 00 80  1210                     STA $8000
0D80- 8D 02 80  1220                     STA $8002
0D83- A9 08     1230                     LDA /COLD.START
0D85- 8D 01 80  1240                     STA $8001
0D88- 8D 03 80  1250                     STA $8003
0D8B- A9 C3     1260                     LDA #$C3
0D8D- 8D 04 80  1270                     STA $8004
0D90- A9 C2     1280                     LDA #$C2
0D92- 8D 05 80  1290                     STA $8005
0D95- A9 CD     1300                     LDA #$CD
0D97- 8D 06 80  1310                     STA $8006
0D9A- A9 38     1320                     LDA #$38
0D9C- 8D 07 80  1330                     STA $8007
0D9F- A9 30     1340                     LDA #$30
0DA1- 8D 08 80  1350                     STA $8008
                1360 *--------------------------------
0DA4-           1370                     >BUILD GAMESET,TEMP1         MOVE CSET TO RAM!
0DA4- A9 9D     0000>            LDA #GAMESET
0DA6- 85 05     0000>            STA TEMP1
0DA8- A9 29     0000>            LDA /GAMESET
0DAA- 85 06     0000>            STA TEMP1+1
0DAC-           1380                     >BUILD CHARACTER.MEMORY,TEMP3
0DAC- A9 00     0000>            LDA #CHARACTER.MEMORY
0DAE- 85 07     0000>            STA TEMP3
0DB0- A9 40     0000>            LDA /CHARACTER.MEMORY
0DB2- 85 08     0000>            STA TEMP3+1
0DB4- A0 00     1390                     LDY #$00
0DB6- B1 05     1400 .1                  LDA (TEMP1),Y
0DB8- 91 07     1410                     STA (TEMP3),Y
0DBA-           1420                     >INC TEMP1
0DBA- A5 05     0000>            LDA TEMP1
0DBC- 18        0000>            CLC
0DBD- 69 01     0000>            ADC #$01
0DBF- 85 05     0000>            STA TEMP1
0DC1- 90 02     0000>            BCC :1
0DC3- E6 06     0000>            INC TEMP1+1
                0000> :1
0DC5-           1430                     >INC TEMP3
0DC5- A5 07     0000>            LDA TEMP3
0DC7- 18        0000>            CLC
0DC8- 69 01     0000>            ADC #$01
0DCA- 85 07     0000>            STA TEMP3
0DCC- 90 02     0000>            BCC :1
0DCE- E6 08     0000>            INC TEMP3+1
                0000> :1
0DD0- A5 05     1440                     LDA TEMP1
0DD2- C9 BD     1450                     CMP #GAMEND
0DD4- D0 E0     1460                     BNE .1
0DD6- A5 06     1470                     LDA TEMP2
0DD8- C9 2F     1480                     CMP /GAMEND
0DDA- D0 DA     1490                     BNE .1
                1500 *--------------------------------
0DDC- A2 00     1510 CLEAR.SCREEN        LDX #$00                     CLEAR SCREEN RAM
0DDE- 8A        1520                     TXA
0DDF- 9D 00 48  1530 .1                  STA SCREEN.MEMORY,X
0DE2- 9D 00 49  1540                     STA SCREEN.MEMORY+$100,X
0DE5- 9D 00 4A  1550                     STA SCREEN.MEMORY+$200,X
0DE8- 9D 00 4B  1560                     STA SCREEN.MEMORY+$300,X
0DEB- 9D 00 D8  1570                     STA COLOR.MEMORY,X           FOR HYPERSPACE
0DEE- 9D 00 D9  1580                     STA COLOR.MEMORY+$100,X
0DF1- 9D 00 DA  1590                     STA COLOR.MEMORY+$200,X
0DF4- 9D 00 DB  1600                     STA COLOR.MEMORY+$300,X
0DF7- E8        1610                     INX
0DF8- D0 E5     1620                     BNE .1
                1630 *--------------------------------
0DFA- A9 18     1640                     LDA #$18
0DFC- 8D 11 D0  1650                     STA VIC.CONTROL.1
0DFF- A9 08     1660                     LDA #$08
0E01- 8D 16 D0  1670                     STA VIC.CONTROL.2
                1680 *--------------------------------
                1690 * INITIALIZE SOUND PROCESSOR
                1700 *--------------------------------
0E04- A9 F5     1710                     LDA #$F5
0E06- 8D 06 D4  1720                     STA ENVELOPE.1
0E09- 8D 0D D4  1730                     STA ENVELOPE.2
0E0C- 8D 14 D4  1740                     STA ENVELOPE.3
0E0F- A9 0F     1750                     LDA #$0F
0E11- 8D 18 D4  1760                     STA MASTER.VOLUME
0E14- A9 08     1770                     LDA #$08
0E16- 8D 03 D4  1780                     STA WAVE.1+1
0E19- 8D 0A D4  1790                     STA WAVE.2+1
0E1C- 8D 11 D4  1800                     STA WAVE.3+1
0E1F-           1810                     >BUILD STOP.SOUND,NOTE.POINTER
0E1F- A9 25     0000>            LDA #STOP.SOUND
0E21- 85 EF     0000>            STA NOTE.POINTER
0E23- A9 30     0000>            LDA /STOP.SOUND
0E25- 85 F0     0000>            STA NOTE.POINTER+1
                1820 *--------------------------------
0E27- A9 FF     1830                     LDA #$FF                     TURN ON ALL SPRITES!
0E29- 8D 15 D0  1840                     STA SPRITE.ENABLE
                1850 *--------------------------------
0E2C- A9 61     1860                     LDA #IRQ1                    INITIALIZE IRQ LOCATION
0E2E- 8D 14 03  1870                     STA IRQLO                    TO POINT TO FIRST CHARACTER
0E31- A9 26     1880                     LDA /IRQ1
0E33- 8D 15 03  1890                     STA IRQHI
                1900 *--------------------------------
0E36- 60        1910                     RTS
                1920 *--------------------------------
                1930 *  INIT I.O SYSTEM
                1940 *--------------------------------
0E37- A9 7F     1950 INIT.IO             LDA #$7F         INITIALIZE CIA'S ETC.
0E39- 8D 0D DC  1960                     STA CIA.1.IRQ
0E3C- 8D 0D DD  1970                     STA CIA.2.IRQ
0E3F- 8D 00 DC  1980                     STA PORTA1
0E42- A9 08     1990                     LDA #$08
0E44- 8D 0E DC  2000                     STA CIA1.CTRL.A
0E47- 8D 0E DD  2010                     STA CIA2.CTRL.A
0E4A- 8D 0F DC  2020                     STA CIA1.CTRL.B
0E4D- 8D 0F DD  2030                     STA CIA2.CTRL.B
0E50- A2 00     2040                     LDX #$00
0E52- 8E 03 DC  2050                     STX DDRB1
0E55- 8E 03 DD  2060                     STX DDRB2
0E58- 8E 18 D4  2070                     STX $D418
0E5B- CA        2080                     DEX
0E5C- 8E 02 DC  2090                     STX DDRA1
0E5F- A9 07     2100                     LDA #$07
0E61- 8D 00 DD  2110                     STA PORTA2
0E64- A9 3F     2120                     LDA #$3F
0E66- 8D 02 DD  2130                     STA DDRA2
0E69- A9 E7     2140                     LDA #$E7
0E6B- 85 01     2150                     STA $01
0E6D- A9 2F     2160                     LDA #$2F
0E6F- 85 00     2170                     STA $00
0E71- 60        2180                     RTS
                2190 *--------------------------------
                2200 * INITIALIZE.GAME
                2210 *--------------------------------
0E72- A9 05     2220 INIT.GAME           LDA #$05
0E74- 85 48     2230                     STA LIVES
0E76- A9 00     2240                     LDA #$00
0E78- 85 49     2250                     STA MOON.INDICATOR
0E7A- 85 4A     2260                     STA MEN.PICKED.UP
0E7C- 85 4B     2270                     STA SCORE
0E7E- 20 8B 0E  2280                     JSR PANEL
0E81- 20 9D 0E  2290                     JSR DO.LIVES
0E84- 20 B5 0E  2300                     JSR DO.MOON.INDICATOR
0E87- 20 90 0F  2310                     JSR DO.SCORE
0E8A- 60        2320                     RTS
                2330 *--------------------------------
                2340 * DRAW CONTROL PANEL
                2350 *--------------------------------
0E8B- A2 A0     2360 PANEL               LDX #$A0
0E8D- BD 7D 33  2370 .1                  LDA UNIV.SCR+$347,X
0E90- 9D 47 4B  2380                     STA SCREEN.MEMORY+$347,X
0E93- BD 75 37  2390                     LDA UNIV.ATR+$347,X
0E96- 9D 47 DB  2400                     STA COLOR.MEMORY+$347,X
0E99- CA        2410                     DEX
0E9A- D0 F1     2420                     BNE .1
0E9C- 60        2430                     RTS
                2440 *--------------------------------
                2450 * UPDATES LIVES
                2460 *--------------------------------
0E9D- A0 06     2470 DO.LIVES            LDY #$06
0E9F- A6 48     2480                     LDX LIVES
0EA1- F0 09     2490                     BEQ .1
0EA3- A9 1C     2500                     LDA #$1C                     GET SHIP CHARACTER
0EA5- 99 89 4B  2510 .2                  STA SCREEN.MEMORY+$389,Y     PUT SHIP ON SCREEN
0EA8- 88        2520                     DEY
0EA9- CA        2530                     DEX
0EAA- D0 F9     2540                     BNE .2
0EAC- A9 31     2550 .1                  LDA #$31                     GET FILLER CHARACTER
0EAE- 99 89 4B  2560 .3                  STA SCREEN.MEMORY+$389,Y     ERASE SHIP IF NEEDED
0EB1- 88        2570                     DEY
0EB2- D0 FA     2580                     BNE .3
0EB4- 60        2590                     RTS
                2600 *--------------------------------
                2610 * UPDATE MOON INDICATOR
                2620 *--------------------------------
0EB5- A5 49     2630 DO.MOON.INDICATOR   LDA MOON.INDICATOR
0EB7- 85 05     2640                     STA TEMP1
0EB9- A9 AC     2650                     LDA #$AC                     GET NUMBER FROM GAMESET
0EBB- 18        2660                     CLC
0EBC- 65 05     2670                     ADC TEMP1
0EBE- 8D 7E 4B  2680                     STA SCREEN.MEMORY+$37E       PUT NUMBER ON SCREEN
0EC1- 60        2690                     RTS
                2700 *--------------------------------
                2710 * UPDATE MEN PICKED UP
                2720 *--------------------------------
0EC2- E6 4A     2730 DO.MEN.PICKED.UP    INC MEN.PICKED.UP
0EC4- A4 4A     2740                     LDY MEN.PICKED.UP
0EC6- C0 06     2750                     CPY #$06                     CAN'T BE MORE THAN 5!
0EC8- 90 01     2760                     BCC .1
0ECA- 60        2770                     RTS
0ECB- C0 05     2780 .1                  CPY #$05
0ECD- D0 04     2790                     BNE .2
0ECF- A9 01     2800                     LDA #$01
0ED1- 85 9E     2810                     STA DO.RINGS.FLAG            START DOING RINGS
0ED3- A9 1D     2820 .2                  LDA #$1D                     GET MAN CHARACTER
0ED5- 99 DA 4B  2830 .3                  STA SCREEN.MEMORY+$3DA,Y     PUT IT ON SCREEN
0ED8- 88        2840                     DEY
0ED9- D0 FA     2850                     BNE .3
0EDB- 60        2860                     RTS
                2870 *--------------------------------
                2880 * MOVE SCREEN ROUTINE
                2890 *--------------------------------
0EDC- A5 16     2900 MOVE.SCREEN         LDA GAME.STATUS
0EDE- F0 27     2910                     BEQ MOVE.U
0EE0-           2920                     >BUILD ORBIT.SCR,TEMP1
0EE0- A9 26     0000>            LDA #ORBIT.SCR
0EE2- 85 05     0000>            STA TEMP1
0EE4- A9 38     0000>            LDA /ORBIT.SCR
0EE6- 85 06     0000>            STA TEMP1+1
0EE8-           2930                     >BUILD SCREEN.MEMORY,TEMP3
0EE8- A9 00     0000>            LDA #SCREEN.MEMORY
0EEA- 85 07     0000>            STA TEMP3
0EEC- A9 48     0000>            LDA /SCREEN.MEMORY
0EEE- 85 08     0000>            STA TEMP3+1
0EF0- 20 2E 0F  2940                     JSR MOV.ALL
0EF3-           2950                     >BUILD ORBIT.ATR,TEMP1
0EF3- A9 1E     0000>            LDA #ORBIT.ATR
0EF5- 85 05     0000>            STA TEMP1
0EF7- A9 3C     0000>            LDA /ORBIT.ATR
0EF9- 85 06     0000>            STA TEMP1+1
0EFB-           2960                     >BUILD COLOR.MEMORY,TEMP3
0EFB- A9 00     0000>            LDA #COLOR.MEMORY
0EFD- 85 07     0000>            STA TEMP3
0EFF- A9 D8     0000>            LDA /COLOR.MEMORY
0F01- 85 08     0000>            STA TEMP3+1
0F03- 20 2E 0F  2970                     JSR MOV.ALL
0F06- 60        2980                     RTS
                2990 *--------------------------------
0F07-           3000 MOVE.U              >BUILD UNIV.SCR,TEMP1
0F07- A9 36     0000>            LDA #UNIV.SCR
0F09- 85 05     0000>            STA TEMP1
0F0B- A9 30     0000>            LDA /UNIV.SCR
0F0D- 85 06     0000>            STA TEMP1+1
0F0F-           3010                     >BUILD SCREEN.MEMORY,TEMP3
0F0F- A9 00     0000>            LDA #SCREEN.MEMORY
0F11- 85 07     0000>            STA TEMP3
0F13- A9 48     0000>            LDA /SCREEN.MEMORY
0F15- 85 08     0000>            STA TEMP3+1
0F17- 20 2E 0F  3020                     JSR MOV.ALL
0F1A-           3030                     >BUILD UNIV.ATR,TEMP1
0F1A- A9 2E     0000>            LDA #UNIV.ATR
0F1C- 85 05     0000>            STA TEMP1
0F1E- A9 34     0000>            LDA /UNIV.ATR
0F20- 85 06     0000>            STA TEMP1+1
0F22-           3040                     >BUILD COLOR.MEMORY,TEMP3
0F22- A9 00     0000>            LDA #COLOR.MEMORY
0F24- 85 07     0000>            STA TEMP3
0F26- A9 D8     0000>            LDA /COLOR.MEMORY
0F28- 85 08     0000>            STA TEMP3+1
0F2A- 20 2E 0F  3050                     JSR MOV.ALL
0F2D- 60        3060                     RTS
                3070 *--------------------------------
                3080 * MOVE TEMP1&2 TO TEMP3&4
                3090 * A LENGTH OF $347 BYTES
                3100 *--------------------------------
0F2E-           3110 MOV.ALL             >BUILD $347,TEMP5
0F2E- A9 47     0000>            LDA #$347
0F30- 85 09     0000>            STA TEMP5
0F32- A9 03     0000>            LDA /$347
0F34- 85 0A     0000>            STA TEMP5+1
0F36- A0 00     3120                     LDY #$00
0F38- B1 05     3130 .1                  LDA (TEMP1),Y
0F3A- 91 07     3140                     STA (TEMP3),Y
0F3C-           3150                     >INC TEMP1
0F3C- A5 05     0000>            LDA TEMP1
0F3E- 18        0000>            CLC
0F3F- 69 01     0000>            ADC #$01
0F41- 85 05     0000>            STA TEMP1
0F43- 90 02     0000>            BCC :1
0F45- E6 06     0000>            INC TEMP1+1
                0000> :1
0F47-           3160                     >INC TEMP3
0F47- A5 07     0000>            LDA TEMP3
0F49- 18        0000>            CLC
0F4A- 69 01     0000>            ADC #$01
0F4C- 85 07     0000>            STA TEMP3
0F4E- 90 02     0000>            BCC :1
0F50- E6 08     0000>            INC TEMP3+1
                0000> :1
0F52- A5 09     3170                     LDA TEMP5
0F54- 38        3180                     SEC
0F55- E9 01     3190                     SBC #$01
0F57- 85 09     3200                     STA TEMP5
0F59- B0 DD     3210                     BCS .1
0F5B- C6 0A     3220                     DEC TEMP6
0F5D- 10 D9     3230                     BPL .1
0F5F- 60        3240                     RTS
                3250 *--------------------------------
                3260 * ADDS TO SCORE
                3270 *--------------------------------
0F60- F8        3280 DO.SCORE.ADD        SED
0F61- A5 4B     3290                     LDA SCORE
0F63- 18        3300                     CLC
0F64- 65 4E     3310                     ADC SCORE.TEMP
0F66- 85 4B     3320                     STA SCORE
0F68- A5 4C     3330                     LDA SCORE+1
0F6A- 65 4F     3340                     ADC SCORE.TEMP+1
0F6C- 85 4C     3350                     STA SCORE+1
0F6E- A5 4D     3360                     LDA SCORE+2
0F70- 65 50     3370                     ADC SCORE.TEMP+2
0F72- 85 4D     3380                     STA SCORE+2
0F74- D8        3390                     CLD
0F75- 20 90 0F  3400                     JSR DO.SCORE
0F78- A5 4D     3410                     LDA SCORE+2
0F7A- 29 0F     3420                     AND #$0F
0F7C- CD 00 02  3430                     CMP EXTRA.LIFE
0F7F- F0 0E     3440                     BEQ .1
0F81- 8D 00 02  3450                     STA EXTRA.LIFE
0F84- A5 48     3460                     LDA LIVES
0F86- C9 05     3470                     CMP #$05
0F88- F0 05     3480                     BEQ .1
0F8A- E6 48     3490                     INC LIVES
0F8C- 20 9D 0E  3500                     JSR DO.LIVES
0F8F- 60        3510 .1                  RTS
                3520 *--------------------------------
                3530 * SCORE ROUTINE
                3540 *--------------------------------
0F90- A2 02     3550 DO.SCORE            LDX #$02                     THREE BCD DIGITS!
0F92- A0 00     3560                     LDY #$00
0F94- A9 00     3570                     LDA #$00
0F96- 85 05     3580                     STA TEMP1                    USED AS SUPRESSION FLAG
0F98- B5 4B     3590 .1                  LDA SCORE,X
0F9A- 4A        3600                     LSR
0F9B- 4A        3610                     LSR
0F9C- 4A        3620                     LSR
0F9D- 4A        3630                     LSR
0F9E- 20 AC 0F  3640                     JSR PRINT.SCORE
0FA1- B5 4B     3650                     LDA SCORE,X
0FA3- 29 0F     3660                     AND #$0F
0FA5- 20 AC 0F  3670                     JSR PRINT.SCORE
0FA8- CA        3680                     DEX
0FA9- 10 ED     3690                     BPL .1
0FAB- 60        3700                     RTS
                3710 *--------------------------------
0FAC- 85 06     3720 PRINT.SCORE         STA TEMP2                    SAVE BCD DIGIT
0FAE- E0 00     3730                     CPX #$00
0FB0- F0 06     3740                     BEQ .2
0FB2- 05 05     3750                     ORA TEMP1                    CHECK FLAG FOR BLANKS
0FB4- F0 0A     3760                     BEQ .3
0FB6- E6 05     3770                     INC TEMP1                    FIRST NONZERO, FLAG=1
0FB8- A5 06     3780 .2                  LDA TEMP2
0FBA- 18        3790                     CLC
0FBB- 69 AC     3800                     ADC #$AC
0FBD- 99 D2 4B  3810                     STA SCREEN.MEMORY+$3D2,Y
0FC0- C8        3820 .3                  INY
0FC1- 60        3830                     RTS
                3840 *--------------------------------
                3850 * SETUP HYPERSPACE SCREEN
                3860 *--------------------------------
0FC2-           3870 HYPER.SPACE         >BUILD SCREEN.MEMORY,TEMP1
0FC2- A9 00     0000>            LDA #SCREEN.MEMORY
0FC4- 85 05     0000>            STA TEMP1
0FC6- A9 48     0000>            LDA /SCREEN.MEMORY
0FC8- 85 06     0000>            STA TEMP1+1
0FCA- A2 F8     3880                     LDX #$F8
0FCC- 8A        3890 .3                  TXA
0FCD- A0 27     3900                     LDY #$27
0FCF- 91 05     3910 .1                  STA (TEMP1),Y
0FD1- 88        3920                     DEY
0FD2- 10 FB     3930                     BPL .1
0FD4- A5 05     3940                     LDA TEMP1
0FD6- 18        3950                     CLC
0FD7- 69 28     3960                     ADC #$28
0FD9- 85 05     3970                     STA TEMP1
0FDB- 90 02     3980                     BCC .2
0FDD- E6 06     3990                     INC TEMP2
0FDF- CA        4000 .2                  DEX
0FE0- E0 EF     4010                     CPX #$EF
0FE2- D0 E8     4020                     BNE .3
0FE4- A2 F1     4030                     LDX #$F1
0FE6- 8A        4040 .6                  TXA
0FE7- A0 27     4050                     LDY #$27
0FE9- 91 05     4060 .4                  STA (TEMP1),Y
0FEB- 88        4070                     DEY
0FEC- 10 FB     4080                     BPL .4
0FEE- A5 05     4090                     LDA TEMP1
0FF0- 18        4100                     CLC
0FF1- 69 28     4110                     ADC #$28
0FF3- 85 05     4120                     STA TEMP1
0FF5- 90 02     4130                     BCC .5
0FF7- E6 06     4140                     INC TEMP2
0FF9- E8        4150 .5                  INX
0FFA- E0 FD     4160                     CPX #$FD
0FFC- D0 E8     4170                     BNE .6
0FFE- A9 60     4180                     LDA #$60
1000- 85 19     4190                     STA GROUND.SPEED
1002- A2 00     4200                     LDX #$00
1004- A9 01     4210                     LDA #$01
1006- 9D 00 D8  4220 .90                 STA COLOR.MEMORY,X
1009- 9D 00 D9  4230                     STA COLOR.MEMORY+$100,X
100C- 9D 00 DA  4240                     STA COLOR.MEMORY+$200,X
100F- 9D 58 DA  4250                     STA COLOR.MEMORY+$258,X
1012- CA        4260                     DEX
1013- D0 F1     4270                     BNE .90
                4280 *--------------------------------
                4290 * DO HYPER FOR THREE SECONDS
                4300 *--------------------------------
1015- A2 70     4310 TIME.HYPER          LDX #$70
1017- A9 81     4320                     LDA #$81
1019- 8D 04 D4  4330                     STA SCNTRL.1
101C- 8E 01 D4  4340 .1                  STX FRQ.1+1
101F- 8A        4350                     TXA
1020- 48        4360                     PHA
1021- 20 2F 10  4370                     JSR DO.STRIPES
1024- 68        4380                     PLA
1025- AA        4390                     TAX
1026- CA        4400                     DEX
1027- D0 F3     4410                     BNE .1
1029- A9 00     4420                     LDA #$00
102B- 8D 04 D4  4430                     STA SCNTRL.1
102E- 60        4440                     RTS
                4450 *--------------------------------
                4460 * DRAW STRIPES FOR SCROLL
                4470 *--------------------------------
102F- A5 19     4480 DO.STRIPES          LDA GROUND.SPEED
1031- 0A        4490                     ASL                          MULT BY 2
1032- 18        4500                     CLC
1033- 65 17     4510                     ADC ISSUE.STRIPE
1035- 85 17     4520                     STA ISSUE.STRIPE
1037- 90 02     4530                     BCC .1
1039- E6 18     4540                     INC ISSUE.STRIPE+1
103B- A5 18     4550 .1                  LDA ISSUE.STRIPE+1
103D- C9 03     4560                     CMP #OFTEN                   TIME FOR A STRIPE?
103F- 30 29     4570                     BMI NO.ISSUE                 IF NOT BRANCH
                4580 *--------------------------------
1041- 38        4590                     SEC
1042- E9 03     4600                     SBC #OFTEN
1044- 85 18     4610                     STA ISSUE.STRIPE+1
1046- A2 0F     4620                     LDX #NUMBER.OF.STRIPES
1048- A0 00     4630                     LDY #$00
                4640 *--------------------------------
104A- B9 1A 00  4650 FIND.STRIPE         LDA STRIPE.TABLE,Y
104D- C8        4660                     INY
104E- 19 1A 00  4670                     ORA STRIPE.TABLE,Y           FIRST 2 BYTES 0?
1051- F0 07     4680                     BEQ FOUND.STRIPE
1053- C8        4690                     INY
1054- C8        4700                     INY
1055- CA        4710                     DEX                          DONE FOR ALL STRIPES?
1056- D0 F2     4720                     BNE FIND.STRIPE
1058- F0 10     4730                     BEQ NO.ISSUE
                4740 *--------------------------------
105A- A9 00     4750 FOUND.STRIPE        LDA #$00
105C- 99 1A 00  4760                     STA STRIPE.TABLE,Y
105F- C8        4770                     INY
1060- 99 1A 00  4780                     STA STRIPE.TABLE,Y
1063- 88        4790                     DEY
1064- 88        4800                     DEY
1065- A9 01     4810                     LDA #$01
1067- 99 1A 00  4820                     STA STRIPE.TABLE,Y
                4830 *--------------------------------
106A- A2 0F     4840 NO.ISSUE            LDX #NUMBER.OF.STRIPES
106C- A0 00     4850                     LDY #$00
                4860 *--------------------------------
106E- B9 1A 00  4870 CALCS1              LDA STRIPE.TABLE,Y
1071- 85 07     4880                     STA TEMP3
1073- C8        4890                     INY
1074- B9 1A 00  4900                     LDA STRIPE.TABLE,Y
1077- C8        4910                     INY
1078- 85 08     4920                     STA TEMP4
107A- 05 07     4930                     ORA TEMP3                    IS TEMP 3,4 =0 (NULL STRIPE)
107C- F0 4D     4940                     BEQ NO.STRIPE.1
107E- 20 D3 10  4950                     JSR CALC.NEW.HEIGHT
1081- 88        4960                     DEY
1082- 88        4970                     DEY                          ADJUST POINTER TO BEGINNING
1083- A5 08     4980                     LDA TEMP4
1085- C9 60     4990                     CMP #STRIPE.HEIGHT*8
1087- 30 06     5000                     BMI CALCS.OK                 CHECK FOR MAX HEIGHT
1089- A9 00     5010                     LDA #$00
108B- 85 07     5020                     STA TEMP3
108D- 85 08     5030                     STA TEMP4
                5040 *--------------------------------
108F- A5 07     5050 CALCS.OK            LDA TEMP3
1091- 99 1A 00  5060                     STA STRIPE.TABLE,Y
1094- C8        5070                     INY
1095- A5 08     5080                     LDA TEMP4
1097- 99 1A 00  5090                     STA STRIPE.TABLE,Y           REPLACE HEIGHT
109A- 4A        5100                     LSR
109B- 18        5110                     CLC
109C- 79 1A 00  5120                     ADC STRIPE.TABLE,Y
109F- 4A        5130                     LSR
10A0- 4A        5140                     LSR
10A1- 4A        5150                     LSR
10A2- 18        5160                     CLC
10A3- 69 01     5170                     ADC #$01
10A5- 85 09     5180                     STA TEMP5
10A7- B9 1A 00  5190                     LDA STRIPE.TABLE,Y
10AA- C9 2D     5200                     CMP #45
10AC- 30 0B     5210                     BMI NOT.THERE.YET
10AE- 38        5220                     SEC
10AF- E9 2D     5230                     SBC #45
10B1- 4A        5240                     LSR
10B2- 4A        5250                     LSR
10B3- 4A        5260                     LSR
10B4- 18        5270                     CLC
10B5- 65 09     5280                     ADC TEMP5
10B7- 85 09     5290                     STA TEMP5
                5300 *--------------------------------
10B9- 38        5310 NOT.THERE.YET       SEC                          NEW WIDTH - CHECK FOR OVERFLOW
10BA- E9 60     5320                     SBC #96
10BC- 49 FF     5330                     EOR #$FF
10BE- 18        5340                     CLC
10BF- 69 01     5350                     ADC #$01
10C1- C5 09     5360                     CMP TEMP5
10C3- 30 02     5370                     BMI WIDTH.OK
10C5- A5 09     5380                     LDA TEMP5
                5390 *--------------------------------
10C7- C8        5400 WIDTH.OK            INY
10C8- 99 1A 00  5410                     STA STRIPE.TABLE,Y           PUT NEW WIDTH INTO TABLE
                5420 *--------------------------------
10CB- C8        5430 NO.STRIPE.1         INY
10CC- CA        5440                     DEX
10CD- D0 9F     5450                     BNE CALCS1                   DO FOR NUMBER OF STRIPES
10CF- 20 01 11  5460                     JSR LOAD.STRIPES
10D2- 60        5470                     RTS
                5480 *--------------------------------
                5490 * CALCULATE NEW HEIGHT FOR STRIPE
                5500 * TEMP 3,4 IS OLD HEIGHT FAC AND WHOLE
                5510 * TEMP 3,4 WILL CONTAIN NEW HEIGHT ON EXIT
                5520 *--------------------------------
                5530 CALC.NEW.HEIGHT
10D3- 8A        5540                     TXA
10D4- 48        5550                     PHA
10D5- 98        5560                     TYA
10D6- 48        5570                     PHA
10D7- A4 08     5580                     LDY TEMP4
10D9- A5 19     5590                     LDA GROUND.SPEED             MULT GROUND SPEED BY 1.5
10DB- 4A        5600                     LSR
10DC- 18        5610                     CLC
10DD- 65 19     5620                     ADC GROUND.SPEED
10DF- 4A        5630                     LSR
10E0- 4A        5640                     LSR
10E1- F0 0E     5650                     BEQ CALC.S12
10E3- AA        5660                     TAX
                5670 *--------------------------------
10E4- 98        5680 CALC.S11            TYA
10E5- 18        5690                     CLC
10E6- 65 07     5700                     ADC TEMP3
10E8- 85 07     5710                     STA TEMP3
10EA- 90 02     5720                     BCC .1
10EC- E6 08     5730                     INC TEMP4
10EE- CA        5740 .1                  DEX
10EF- D0 F3     5750                     BNE CALC.S11
                5760 *--------------------------------
10F1- A5 19     5770 CALC.S12            LDA GROUND.SPEED
10F3- 18        5780                     CLC
10F4- 65 07     5790                     ADC TEMP3
10F6- 85 07     5800                     STA TEMP3
10F8- 90 02     5810                     BCC .1
10FA- E6 08     5820                     INC TEMP4
10FC- 68        5830 .1                  PLA
10FD- A8        5840                     TAY
10FE- 68        5850                     PLA
10FF- AA        5860                     TAX
1100- 60        5870                     RTS
                5880 *--------------------------------
                5890 * BASED ON THE STRIPE TABLE RELOAD
                5900 * CHARACTER RAM WITH STRIPES
                5910 *--------------------------------
1101- AD 11 D0  5920 LOAD.STRIPES        LDA $D011                    SYNC TO VERTICAL BLANK!
1104- 10 FB     5930                     BPL LOAD.STRIPES
                5940 *--------------------------------
1106- A0 7F     5950                     LDY #$7F
1108- A9 00     5960                     LDA #$00
110A- 99 80 47  5970 .1                  STA CHARACTER.MEMORY+$780,Y  CLEAR OLD STRIPE CHARACTERS
110D- 88        5980                     DEY
110E- 10 FA     5990                     BPL .1
1110- A2 0F     6000                     LDX #NUMBER.OF.STRIPES       FILL IN EACH STRIPE!
1112- A0 00     6010                     LDY #$00
                6020 *--------------------------------
1114- C8        6030 LOAD.S1             INY                          SKIP FRAC HEIGHT
1115-           6040                     >BUILD CHARACTER.MEMORY+$780,TEMP1
1115- A9 80     0000>            LDA #CHARACTER.MEMORY+$780
1117- 85 05     0000>            STA TEMP1
1119- A9 47     0000>            LDA /CHARACTER.MEMORY+$780
111B- 85 06     0000>            STA TEMP1+1
111D- B9 1A 00  6050                     LDA STRIPE.TABLE,Y
1120- 85 07     6060                     STA TEMP3
1122- C8        6070                     INY
1123- B9 1A 00  6080                     LDA STRIPE.TABLE,Y
1126- C8        6090                     INY
1127- C9 00     6100                     CMP #$00
1129- F0 16     6110                     BEQ NULL.WIDTH
                6120 *--------------------------------
112B- 85 08     6130                     STA TEMP4
112D- A5 07     6140                     LDA TEMP3
112F- 18        6150                     CLC
1130- 65 05     6160                     ADC TEMP1
1132- 85 05     6170                     STA TEMP1
1134- 90 02     6180                     BCC .1
1136- E6 06     6190                     INC TEMP2
1138- 84 09     6200 .1                  STY TEMP5                    SAVE Y
113A- A4 08     6210                     LDY TEMP4
113C- 20 45 11  6220                     JSR FILL.SRAM
113F- A4 09     6230                     LDY TEMP5                    RESTORE Y
                6240 *--------------------------------
1141- CA        6250 NULL.WIDTH          DEX
1142- D0 D0     6260                     BNE LOAD.S1
1144- 60        6270                     RTS
                6280 *--------------------------------
                6290 * FILL STRIPE.CHARACTERS
                6300 *--------------------------------
1145- A9 FF     6310 FILL.SRAM           LDA #$FF
1147- 91 05     6320 .1                  STA (TEMP1),Y
1149- 88        6330                     DEY
114A- D0 FB     6340                     BNE .1
114C- 60        6350                     RTS
                6360 *--------------------------------
                6370 * PICK A GALAXY
                6380 *--------------------------------
114D- A9 52     6390 PICK.GALAXY         LDA #$52
114F- 8D F8 4B  6400                     STA SPRITE.POINTER           FIND CROSS (CARD 35)
1152- A9 6F     6410                     LDA #$6F
1154- 8D 01 D0  6420                     STA SPRITE.YPOS              CENTER Y POSITION
1157- A9 A4     6430                     LDA #$A4
1159- 8D 00 D0  6440                     STA SPRITE.XPOS              CENTER X POSITION
115C- 20 74 16  6450 .11                 JSR GETPORT                  GET JOYSTICK MOVEMENT
115F- 6A        6460                     ROR                          CHECK FOR UP MOVEMENT
1160- B0 11     6470                     BCS .1
1162- 48        6480                     PHA                          SAVE DATA
1163- AD 01 D0  6490                     LDA SPRITE.YPOS
1166- C9 32     6500                     CMP #$32                     OVER BOUNDARY?
1168- D0 02     6510                     BNE .2
116A- A9 33     6520                     LDA #$33
116C- 38        6530 .2                  SEC
116D- E9 01     6540                     SBC #$01                     MOVE IT UP ONE POSITION
116F- 8D 01 D0  6550                     STA SPRITE.YPOS
1172- 68        6560                     PLA                          GET BACK DATA FOR NEXT CHECK
1173- 6A        6570 .1                  ROR                          CHECK FOR DOWN MOVEMENT
1174- B0 11     6580                     BCS .3
1176- 48        6590                     PHA                          SAVE DATA
1177- AD 01 D0  6600                     LDA SPRITE.YPOS
117A- C9 C5     6610                     CMP #$C5                     OVER BOUNDARY?
117C- D0 02     6620                     BNE .4
117E- A9 C4     6630                     LDA #$C4
1180- 18        6640 .4                  CLC
1181- 69 01     6650                     ADC #$01                     MOVE IT DOWN ONE POSITION
1183- 8D 01 D0  6660                     STA SPRITE.YPOS
1186- 68        6670                     PLA                          GET BACK DATA FOR NEXT CHECK
1187- 6A        6680 .3                  ROR                          CHECK FOR LEFT MOVEMENT
1188- B0 1F     6690                     BCS .5
118A- 48        6700                     PHA                          SAVE DATA
118B- AD 10 D0  6710                     LDA SPRITE.XMSB
118E- 29 01     6720                     AND #$01
1190- 08        6730                     PHP                          SAVE PROCESSOR
1191- AD 00 D0  6740                     LDA SPRITE.XPOS
1194- 28        6750                     PLP
1195- D0 04     6760                     BNE .6
1197- C9 18     6770                     CMP #$18                     OVER BOUNDARY?
1199- F0 0D     6780                     BEQ .7
119B- 38        6790 .6                  SEC
119C- E9 01     6800                     SBC #$01
119E- 8D 00 D0  6810                     STA SPRITE.XPOS              MOVE LEFT
11A1- B0 05     6820                     BCS .7
11A3- A9 00     6830                     LDA #$00
11A5- 8D 10 D0  6840                     STA SPRITE.XMSB
11A8- 68        6850 .7                  PLA                          GET BACK DATA
11A9- 6A        6860 .5                  ROR                          CHECK FOR RIGHT MOVEMENT
11AA- B0 1D     6870                     BCS .8
11AC- AD 10 D0  6880                     LDA SPRITE.XMSB
11AF- 29 01     6890                     AND #$01
11B1- 08        6900                     PHP                          SAVE PROCESSOR
11B2- AD 00 D0  6910                     LDA SPRITE.XPOS
11B5- 28        6920                     PLP
11B6- F0 04     6930                     BEQ .9
11B8- C9 48     6940                     CMP #$48                     OVER BOUNDARY?
11BA- F0 0D     6950                     BEQ .8
11BC- 18        6960 .9                  CLC
11BD- 69 01     6970                     ADC #$01
11BF- 8D 00 D0  6980                     STA SPRITE.XPOS              MOVE RIGHT
11C2- 90 05     6990                     BCC .8
11C4- A9 01     7000                     LDA #$01
11C6- 8D 10 D0  7010                     STA SPRITE.XMSB
                7020 *--------------------------------
11C9- EE 27 D0  7030 .8                  INC SPRITE.COLOR             MAKE CROSS DIFFERENT COLOR
11CC- A2 03     7040                     LDX #$03                     0-3 GALAXIES
11CE- AD 01 D0  7050 .85                 LDA SPRITE.YPOS              GET YPOS
11D1- DD 2D 12  7060                     CMP Y1,X
11D4- 90 47     7070                     BCC .81                      IS YPOS > VALUE?
11D6- DD 31 12  7080                     CMP Y2,X
11D9- B0 42     7090                     BCS .81                      IS YPOS < VALUE?
11DB- E0 01     7100                     CPX #$01                     SPECIAL CASE BECAUSE OF MSB!
11DD- D0 19     7110                     BNE .82
11DF- AD 10 D0  7120                     LDA SPRITE.XMSB              GET MSB
11E2- 29 01     7130                     AND #$01                     SET?
11E4- D0 09     7140                     BNE .83
11E6- AD 00 D0  7150                     LDA SPRITE.XPOS              YES. SO GET XPOS
11E9- C9 F0     7160                     CMP #$F0
11EB- 90 30     7170                     BCC .81                      IS XPOS > $F0
11ED- B0 1D     7180                     BCS .84                      YES. GO TO ORBIT
11EF- AD 00 D0  7190 .83                 LDA SPRITE.XPOS              BIT NOT SET
11F2- C9 0A     7200                     CMP #$0A
11F4- B0 27     7210                     BCS .81                      IS XPOS < $0A
11F6- 90 14     7220                     BCC .84                      YES. GO TO ORBIT
11F8- AD 10 D0  7230 .82                 LDA SPRITE.XMSB
11FB- 29 01     7240                     AND #$01                     IF MSB IS SET ON GALAXIES
11FD- D0 1E     7250                     BNE .81                      0,2, OR 3 THEN NO DETECTION.
11FF- AD 00 D0  7260                     LDA SPRITE.XPOS              GET XPOS
1202- DD 35 12  7270                     CMP X1,X
1205- 90 16     7280                     BCC .81                      IS XPOS > VALUE?
1207- DD 39 12  7290                     CMP X2,X
120A- B0 11     7300                     BCS .81                      IS XPOS < VALUE?
120C- 86 47     7310 .84                 STX GALAXY                   SAVE GALAXY NUMBER
120E- BD 3D 12  7320                     LDA MOONTBL,X                SET UP NUMBER OF MOONS NEEDED
1211- 85 49     7330                     STA MOON.INDICATOR
1213- A9 01     7340                     LDA #$01
1215- 85 16     7350                     STA GAME.STATUS              SET FOR ORBIT
1217- A9 00     7360                     LDA #$00
1219- 8D 01 D0  7370                     STA SPRITE.YPOS              GET SPRITE OFF SCREEN
121C- 60        7380                     RTS
121D- CA        7390 .81                 DEX                          TIME DELAY
121E- 10 AE     7400                     BPL .85
1220- A2 00     7410                     LDX #$00
1222- A0 05     7420                     LDY #$05
1224- CA        7430 .86                 DEX
1225- D0 FD     7440                     BNE .86
1227- 88        7450                     DEY
1228- D0 FA     7460                     BNE .86
122A- 4C 5C 11  7470                     JMP .11
                7480 *--------------------------------
                7490 * TABLES FOR GALAXY DETECTION
                7500 *--------------------------------
122D- 52 44 AC
1230- 96        7510 Y1                  .HS 5244AC96
1231- 64 55 BA
1234- A0        7520 Y2                  .HS 6455BAA0
1235- 48 00 32
1238- C4        7530 X1                  .HS 480032C4
1239- 64 00 58
123C- DC        7540 X2                  .HS 640058DC
                7550 *--------------------------------
                7560 * TABLE FOR NUMBER OF MOONS NEEDED
                7570 *--------------------------------
123D- 01 03 06
1240- 09        7580 MOONTBL             .HS 01030609
                1120        .IN MOON.CODE.3,D1
                1000 *--------------------------------
                1010 * FILE> MOON.CODE.3
                1020 *--------------------------------
                1030 *--------------------------------
                1040 * MOVE SPRITES IN ORBIT
                1050 *--------------------------------
1241- C6 67     1060 DO.ORBIT            DEC UPDATE.DELAY             DO A TWO BYTE DELAY
1243- D0 2A     1070                     BNE .01
1245- C6 68     1080                     DEC UPDATE.DELAY+1
1247- D0 26     1090                     BNE .01
1249- A5 47     1100                     LDA GALAXY                   GET DIFFICULTY
124B- F0 06     1110                     BEQ .02
124D- A9 01     1120                     LDA #$01                     IF NOT LEVEL 0 THEN GO FAST
124F- 85 68     1130                     STA UPDATE.DELAY+1
1251- D0 04     1140                     BNE .03
1253- A9 02     1150 .02                 LDA #$02                     IF LEVEL 0 THEN GO SLOW
1255- 85 68     1160                     STA UPDATE.DELAY+1
1257- A2 04     1170 .03                 LDX #$04                     RESET INDEX
1259- 20 70 12  1180 .05                 JSR DO.SPRITE
125C- B5 B6     1190                     LDA SPRITE.STATUS,X          DOES SPRITE NEED UPDATING?
125E- F0 0C     1200                     BEQ .04
1260- A5 CF     1210                     LDA XTEMP
1262- 95 E0     1220                     STA XSPRITE,X                UPDATE XPOS
1264- A5 D1     1230                     LDA XMSBTEMP
1266- 95 E5     1240                     STA XMSB.SPRITE,X            UPDATE XMSB
1268- A5 D0     1250                     LDA YTEMP
126A- 95 EA     1260                     STA YSPRITE,X                UPDATE YPOS
126C- CA        1270 .04                 DEX                          DO FOR 5 SPRITES
126D- 10 EA     1280                     BPL .05
126F- 60        1290 .01                 RTS
                1300 *--------------------------------
                1310 * UPDATE SPRITES
                1320 *--------------------------------
1270- B5 B6     1330 DO.SPRITE           LDA SPRITE.STATUS,X          IS SPRITE STILL ON SCREEN?
1272- D0 3A     1340                     BNE .01                      IF SO, UPDATE POSITION.
1274- B5 8F     1350                     LDA EXPLODE.FLAG,X           CHECK IF OFF SCREEN OR COLLIDE
1276- D0 25     1360                     BNE .02
1278- C6 D7     1370                     DEC START.DELAY              DELAY FOR SPRITE INTERVAL
127A- D0 20     1380                     BNE .03
127C- A9 08     1390                     LDA #$08
127E- 85 D7     1400                     STA START.DELAY              RESET DELAY TIME
1280- 20 22 13  1410                     JSR GET.PICTURE              GET A NEW OBJECT.
1283- 95 BB     1420                     STA ORBIT.SPRITE,X           STORE IN POINTER SHADOW.
1285- A9 00     1430                     LDA #$00
1287- 95 C0     1440                     STA XDIR.FLAG,X              CLEAR DIRECTION FLAGS.
1289- 95 C5     1450                     STA YDIR.FLAG,X
128B- 85 D1     1460                     STA XMSBTEMP                 CLEAR XMSB
128D- 95 CA     1470                     STA YTBL.POINTER,X
128F- F6 B6     1480                     INC SPRITE.STATUS,X          SPRITE NOW ON SCREEN.
1291- A9 FF     1490                     LDA #$FF
1293- 85 CF     1500                     STA XTEMP                    SET INITIAL XPOS LOW BYTE
1295- A9 78     1510                     LDA #$78
1297- 85 D0     1520                     STA YTEMP                    SET INITIAL YPOS.
1299- 20 8C 13  1530                     JSR CALCULATE.XMOVE          GET AMOUNT OF X MOVEMENT
129C- 60        1540 .03                 RTS
129D- F6 B1     1550 .02                 INC OBJECT.COLOR,X
129F- D6 BB     1560                     DEC ORBIT.SPRITE,X           PUT IN NEXT EPLOSION PIC.
12A1- B5 BB     1570                     LDA ORBIT.SPRITE,X
12A3- C9 C5     1580                     CMP #$C5                     DONE WITH SEQUENCE
12A5- D0 F5     1590                     BNE .03
12A7- A9 00     1600                     LDA #$00
12A9- 95 8F     1610                     STA EXPLODE.FLAG,X           YES. SO UNDO EXPLODE ROUTINE
12AB- 95 EA     1620                     STA YSPRITE,X                MAKE SURE SPRITE IS OFF SCREEN
12AD- 60        1630                     RTS
12AE- B5 E5     1640 .01                 LDA XMSB.SPRITE,X            RESTORE MSB.
12B0- 85 D1     1650                     STA XMSBTEMP
12B2- B5 C0     1660                     LDA XDIR.FLAG,X              LEFT OR RIGHT?
12B4- D0 11     1670                     BNE .04                      IF 0 MOVE LEFT.
12B6- B5 E0     1680                     LDA XSPRITE,X
12B8- 38        1690                     SEC
12B9- F5 D2     1700                     SBC XMOVER,X                 MOVE IT LEFT.
12BB- 85 CF     1710                     STA XTEMP
12BD- B0 15     1720                     BCS .05
12BF- A9 00     1730                     LDA #$00
12C1- 85 CF     1740                     STA XTEMP
12C3- 85 D1     1750                     STA XMSBTEMP                 UPDATE MSB.
12C5- F0 0D     1760                     BEQ .05                      UPDATE YPOS.
12C7- B5 E0     1770 .04                 LDA XSPRITE,X                GET XPOS.
12C9- 18        1780                     CLC
12CA- 75 D2     1790                     ADC XMOVER,X                 MOVE IT RIGHT.
12CC- 85 CF     1800                     STA XTEMP
12CE- 90 04     1810                     BCC .05
12D0- A9 01     1820                     LDA #$01
12D2- 85 D1     1830                     STA XMSBTEMP                 UPDATE MSB.
12D4- B4 CA     1840 .05                 LDY YTBL.POINTER,X           GET POSITION IN PARABOLA.YTBL.
12D6- C0 0E     1850                     CPY #$0E                     IS IT TIME TO GO DOWN?
12D8- D0 04     1860                     BNE .06
12DA- A9 01     1870                     LDA #$01                     YES. SO SET DIRECTION FLAG.
12DC- 95 C5     1880                     STA YDIR.FLAG,X
12DE- C0 10     1890 .06                 CPY #$10                     IS IT TIME TO GO RIGHT?
12E0- D0 11     1900                     BNE .07
12E2- A9 01     1910                     LDA #$01                     YES. SO SET DIRECTION FLAG.
12E4- 95 C0     1920                     STA XDIR.FLAG,X
12E6- 20 8C 13  1930                     JSR CALCULATE.XMOVE          AIM FOR SHIP!
12E9- AD 41 02  1940                     LDA SPACE.SND
12EC- D0 05     1950                     BNE .07
12EE- A9 20     1960                     LDA #$20
12F0- 8D 41 02  1970                     STA SPACE.SND
12F3- F6 CA     1980 .07                 INC YTBL.POINTER,X           POINT TO NEXT VALUE IN TABLE.
12F5- B9 25 14  1990                     LDA PARABOLA.YTBL,Y          LOAD VERT. MOVEMENT VALUE.
12F8- D0 05     2000                     BNE .08                      $00 INDICATES PICTURE CHANGE.
12FA- D6 BB     2010                     DEC ORBIT.SPRITE,X           PUT IN NEW PICTURE.
12FC- 4C D4 12  2020                     JMP .05                      GET NEXT VALUE.
12FF- C9 FF     2030 .08                 CMP #$FF                     $FF IS END OF TABLE.
1301- D0 09     2040                     BNE .09
1303- A9 00     2050                     LDA #$00
1305- 95 EA     2060                     STA YSPRITE,X                GET SPRITE OFF OF SCREEN.
1307- 95 B6     2070                     STA SPRITE.STATUS,X          START IT OVER.
1309- 95 CA     2080                     STA YTBL.POINTER,X           RESET POINTER FOR TABLE.
130B- 60        2090                     RTS
130C- 85 05     2100 .09                 STA TEMP1                    VALUE PASSES TEST SO SAVE IT.
130E- B5 C5     2110                     LDA YDIR.FLAG,X              ARE WE GOING UP OR DOWN?
1310- D0 08     2120                     BNE .10
1312- B5 EA     2130                     LDA YSPRITE,X                GET YPOS.
1314- 38        2140                     SEC
1315- E5 05     2150                     SBC TEMP1
1317- 85 D0     2160                     STA YTEMP                    MOVE UP ONE POSITION.
1319- 60        2170                     RTS
131A- B5 EA     2180 .10                 LDA YSPRITE,X                GET YPOS.
131C- 18        2190                     CLC
131D- 65 05     2200                     ADC TEMP1
131F- 85 D0     2210                     STA YTEMP                    MOVE DOWN ONE POSITION.
1321- 60        2220                     RTS
                2230 *--------------------------------
                2240 * GET A RANDOM OBJECT
                2250 *--------------------------------
1322- A5 66     2260 GET.PICTURE         LDA RANDOM.NUMBER            GET A RANDOM NUMBER
1324- C9 32     2270                     CMP #$32                     COMPARE TO GET OBJECT
1326- 90 13     2280                     BCC DO.SATELLITE
1328- C9 78     2290                     CMP #$78
132A- 90 25     2300                     BCC DO.PLANET
132C- C9 BE     2310                     CMP #$BE
132E- 90 16     2320                     BCC DO.COMET
1330- A9 01     2330                     LDA #WHITE                   GET COLOR
1332- 95 B1     2340                     STA OBJECT.COLOR,X
1334- A9 00     2350                     LDA #$00
1336- 95 AC     2360                     STA OBJECT.TYPE,X
1338- A9 89     2370                     LDA #$89                     SET POINTER
133A- 60        2380                     RTS
133B- A9 06     2390 DO.SATELLITE        LDA #BLUE                    GET COLOR
133D- 95 B1     2400                     STA OBJECT.COLOR,X
133F- A9 01     2410                     LDA #$01
1341- 95 AC     2420                     STA OBJECT.TYPE,X
1343- A9 99     2430                     LDA #$99                     SET POINTER
1345- 60        2440                     RTS
1346- A9 01     2450 DO.COMET            LDA #WHITE                   GET COLOR
1348- 95 B1     2460                     STA OBJECT.COLOR,X
134A- A9 02     2470                     LDA #$02
134C- 95 AC     2480                     STA OBJECT.TYPE,X
134E- A9 A1     2490                     LDA #$A1                     SET POINTER
1350- 60        2500                     RTS
1351- A5 66     2510 DO.PLANET           LDA RANDOM.NUMBER            GET A RANDOM NUMBER
1353- 29 07     2520                     AND #$07                     BETWEEN 0 AND 7
1355- 85 05     2530                     STA TEMP1
1357- A5 47     2540                     LDA GALAXY                   GET DIFFICULTY
1359- 0A        2550                     ASL                          MULTIPLY BY 8
135A- 0A        2560                     ASL
135B- 0A        2570                     ASL
135C- 18        2580                     CLC
135D- 65 05     2590                     ADC TEMP1                    ADD RANDOM OFFSET
135F- A8        2600                     TAY
1360- B9 6C 13  2610                     LDA PLANET.COLOR.TBL,Y       GET COLOR
1363- 95 B1     2620                     STA OBJECT.COLOR,X
1365- A9 03     2630                     LDA #$03
1367- 95 AC     2640                     STA OBJECT.TYPE,X
1369- A9 91     2650                     LDA #$91                     SET POINTER
136B- 60        2660                     RTS
                2670 *--------------------------------
                2680 * TABLE OF RANDOM PLANET COLORS
                2690 *--------------------------------
136C- 06 06 06
136F- 06 05 05
1372- 05 05     2700 PLANET.COLOR.TBL    .HS 0606060605050505         LEVEL 1000---BLU,GREEN
1374- 06 06 06
1377- 05 05 05
137A- 07 07     2710                     .HS 0606060505050707         LEVEL 3000---BLU,GREEN,YEL
137C- 06 05 05
137F- 05 07 07
1382- 07 07     2720                     .HS 0605050507070707         LEVEL 6000---BLU,GREEN,YEL
1384- 06 05 07
1387- 07 09 09
138A- 09 09     2730                     .HS 0605070709090909         LEVEL 9000---BLU,GREEN,YEL,RED
                2740 *--------------------------------
                2750 * CALCULATES AMOUNT OF X MOVEMENT
                2760 *--------------------------------
138C- A9 00     2770 CALCULATE.XMOVE     LDA #$00
138E- 85 06     2780                     STA TEMP2
1390- B5 C0     2790                     LDA XDIR.FLAG,X              LEFT OR RIGHT?
1392- D0 24     2800                     BNE .01
1394- A5 DB     2810                     LDA SHIPX+1
1396- D0 06     2820                     BNE .10
1398- A5 DA     2830                     LDA SHIPX                    GET SHIP XPOS.
139A- C9 98     2840                     CMP #$98                     WHICH HALF OF SCREEN?
139C- 90 0A     2850                     BCC .02
139E- A5 66     2860 .10                 LDA RANDOM.NUMBER            GET A RANDOM NUMBER.
13A0- 29 07     2870                     AND #$07                     0-7 IF IN RIGHT HALF.
13A2- 18        2880                     CLC
13A3- 69 0B     2890                     ADC #$0B                     MAKE IT FROM 11-15.
13A5- 95 D2     2900                     STA XMOVER,X
13A7- 60        2910                     RTS
13A8- A5 66     2920 .02                 LDA RANDOM.NUMBER            GET A RANDOM NUMBER.
13AA- 29 1F     2930                     AND #$1F                     0-31 IF IN LEFT HALF.
13AC- 18        2940                     CLC
13AD- 69 10     2950                     ADC #$10                     MAKE SURE VALUE > 16.
13AF- C9 15     2960                     CMP #$15
13B1- 90 02     2970                     BCC .03                      MAKE SURE VALUE < 20.
13B3- A9 14     2980                     LDA #$14
13B5- 95 D2     2990 .03                 STA XMOVER,X
13B7- 60        3000                     RTS
13B8- A5 DB     3010 .01                 LDA SHIPX+1                  CHECK IF ON RIGHT OR LEFT.
13BA- D0 19     3020                     BNE .04
13BC- A5 DA     3030                     LDA SHIPX
13BE- D5 E0     3040                     CMP XSPRITE,X
13C0- F0 0E     3050                     BEQ .05
13C2- 90 0C     3060                     BCC .05
13C4- 38        3070                     SEC                          AIM TO RIGHT
13C5- F5 E0     3080                     SBC XSPRITE,X
13C7- 85 05     3090                     STA TEMP1
13C9- B0 02     3100                     BCS .06
13CB- E6 06     3110                     INC TEMP2
13CD- 4C E2 13  3120 .06                 JMP .07
13D0- A9 01     3130 .05                 LDA #$01
13D2- 95 D2     3140                     STA XMOVER,X
13D4- 60        3150                     RTS
13D5- A5 DA     3160 .04                 LDA SHIPX
13D7- 38        3170                     SEC
13D8- F5 E0     3180                     SBC XSPRITE,X
13DA- 85 05     3190                     STA TEMP1
13DC- A5 DB     3200                     LDA SHIPX+1
13DE- E5 D1     3210                     SBC XMSBTEMP
13E0- 85 06     3220                     STA TEMP2
13E2- A9 0B     3230 .07                 LDA #$0B                     TEMP2=HIGH BYTE DIVIDEND
13E4- 85 07     3240                     STA TEMP3                    TEMP3=LOW BYTE DIVISOR
13E6- A9 00     3250                     LDA #$00                     TEMP4=HIGH BYTE DIVISOR
13E8- 85 08     3260                     STA TEMP4
13EA- 8A        3270                     TXA
13EB- 48        3280                     PHA
13EC- 98        3290                     TYA
13ED- 48        3300                     PHA                          SAVE X AND Y!
13EE- 20 FE 13  3310                     JSR DIVIDER
13F1- 68        3320                     PLA
13F2- A8        3330                     TAY
13F3- 68        3340                     PLA
13F4- AA        3350                     TAX                          GET BACK X AND Y
13F5- A5 05     3360                     LDA TEMP1
13F7- D0 02     3370                     BNE .09
13F9- A9 01     3380                     LDA #$01
13FB- 95 D2     3390 .09                 STA XMOVER,X                 ONLY NEED LOW QUOTIENT
13FD- 60        3400                     RTS
                3410 *--------------------------------
                3420 * 16 BY 16 UNSIGNED DIVISION:
                3430 * DIVIDEND=TEMP1(LOW),TEMP2(HI)
                3440 * DIVISOR =TEMP3(LOW),TEMP4(HI)
                3450 * QUOTIENT=REPLACES THE DIVIDEND
                3460 * REMAINDER=TEMP5(LOW),TEMP6(HI)
                3470 * DESTROYS X,Y,A
                3480 *--------------------------------
13FE- A9 00     3490 DIVIDER             LDA #$00                     CLEAR PARTIAL DIVIDEND
1400- 85 09     3500                     STA TEMP5
1402- 85 0A     3510                     STA TEMP6
1404- A2 10     3520                     LDX #$10
1406- 06 05     3530 NEXT.BIT            ASL TEMP1
1408- 26 06     3540                     ROL TEMP2
140A- 26 09     3550                     ROL TEMP5                    SHIFT PARTIAL DIVIDEND LEFT
140C- 26 0A     3560                     ROL TEMP6
140E- A5 09     3570                     LDA TEMP5                    SUBTRACT LOW BYTES
1410- 38        3580                     SEC
1411- E5 07     3590                     SBC TEMP3
1413- A8        3600                     TAY                          SAVE LOW RESULT IN Y
1414- A5 0A     3610                     LDA TEMP6                    SUBTRACT HIGH BYTES
1416- E5 08     3620                     SBC TEMP4
1418- 90 07     3630                     BCC CNTDN                    DIVISOR>DIVIDEND?
141A- E6 05     3640                     INC TEMP1                    NO. SET BIT IN QUOTIENT
141C- 85 0A     3650                     STA TEMP6                    AND ENTER SUBTRACTION RESULT
141E- 98        3660                     TYA
141F- 85 09     3670                     STA TEMP5                    INTO PARTIAL DIVIDEND.
1421- CA        3680 CNTDN               DEX                          BIT COUNT=COUNT-1
1422- D0 E2     3690                     BNE NEXT.BIT                 LOOP UNTIL 16 BITS ARE DONE.
1424- 60        3700                     RTS
                3710 *--------------------------------
                3720 * TABLE FOR PARABOLA MOVEMENT
                3730 *--------------------------------
1425- 05 04 04
1428- 04 03 03
142B- 02 00     3740 PARABOLA.YTBL       .HS 0504040403030200
142D- 02 02 00
1430- 01 01 01
1433- 00 06     3750                     .HS 0202000101010006
1435- 03 0A 00
1438- 0A 0A 08
143B- 08 00     3760                     .HS 030A000A0A080800
143D- 08 08 08
1440- 00 06 06
1443- 06 06     3770                     .HS 0808080006060606
1445- 00 04 04
1448- FF        3780                     .HS 000404FF
                3790 *--------------------------------
                3800 * CHECK FOR COLLISIONS
                3810 *--------------------------------
1449- A5 61     3820 COLLISION.DETECT    LDA KILL.FLAG
144B- F0 01     3830                     BEQ .10
144D- 60        3840                     RTS
144E- A5 69     3850 .10                 LDA TOP.COLLIDE              GET COLLISION DATA
1450- 05 6A     3860                     ORA MID.COLLIDE
1452- 05 6B     3870                     ORA SHIP.COLLIDE
1454- 6A        3880                     ROR
1455- 85 05     3890                     STA TEMP1                    IS SHIP HIT?
1457- 90 38     3900                     BCC .02                      NO!
1459- 6A        3910                     ROR
145A- 6A        3920                     ROR
145B- A2 FF     3930                     LDX #$FF
145D- 6A        3940 .03                 ROR
145E- E8        3950                     INX
145F- 90 FC     3960                     BCC .03                      GET SPRITE COLLIDED WITH
1461- B5 AC     3970                     LDA OBJECT.TYPE,X            CHECK FOR PLANET
1463- C9 03     3980                     CMP #$03
1465- D0 03     3990                     BNE .04
1467- 4C D7 14  4000                     JMP INTO.PLANET
146A- A5 5F     4010 .04                 LDA SHIELD.ON.FLAG           CHECK IF SHIELD ON
146C- D0 68     4020                     BNE .01
146E- A9 01     4030                     LDA #$01
1470- 85 61     4040                     STA KILL.FLAG                START EXPLOSION SEQUENCE
1472- A9 07     4050                     LDA #YELLOW
1474- 85 58     4060                     STA SHIP.COLOR
1476- A9 37     4070                     LDA #$37
1478- 85 57     4080                     STA SHIP.PHASE               FIRST EXPLODE PIC
147A- A9 03     4090                     LDA #DEATH.SPEED
147C- 85 63     4100                     STA BLOW.UP.DELAY+1          RESET DELAY
147E- A9 28     4110                     LDA #BLPSND
1480- 8D 45 02  4120                     STA BLOWUP.SND
1483- 78        4130                     SEI
1484- A9 19     4140                     LDA #BLOWUP.SOUND.TBL
1486- 85 EF     4150                     STA NOTE.POINTER
1488- A9 30     4160                     LDA /BLOWUP.SOUND.TBL
148A- 85 F0     4170                     STA NOTE.POINTER+1
148C- A9 01     4180                     LDA #$01
148E- 85 F1     4190                     STA NOTE.DELAY
1490- 58        4200                     CLI
1491- A5 05     4210 .02                 LDA TEMP1
1493- 6A        4220                     ROR                          CHECK IF SHOT COLLIDED
1494- 90 40     4230                     BCC .01
1496- 6A        4240                     ROR
1497- A2 FF     4250                     LDX #$FF
1499- 6A        4260 .05                 ROR                          GET SPRITE COLLIDED WITH
149A- E8        4270                     INX
149B- 90 FC     4280                     BCC .05
149D- B5 AC     4290                     LDA OBJECT.TYPE,X            CHECK FOR PLANET
149F- C9 03     4300                     CMP #$03
14A1- F0 33     4310                     BEQ .01
14A3- C9 05     4320                     CMP #$05                     DON'T KILL AN EXPLOSION!
14A5- F0 2F     4330                     BEQ .01
14A7- A9 00     4340                     LDA #$00
14A9- 8D 0B D4  4350                     STA SCNTRL.2
14AC- 85 DF     4360                     STA SHOTY
14AE- 85 A3     4370                     STA SHOT.STATUS
14B0- 85 AB     4380                     STA SHOT.COUNT
14B2- A9 28     4390                     LDA #BLPSND
14B4- 8D 45 02  4400                     STA BLOWUP.SND
14B7- A9 07     4410                     LDA #YELLOW                  EXPLOSION IS WHITE
14B9- 95 B1     4420                     STA OBJECT.COLOR,X
14BB- 95 8F     4430                     STA EXPLODE.FLAG,X           SET EXPLOSION FLAG
14BD- A9 00     4440                     LDA #$00
14BF- 95 B6     4450                     STA SPRITE.STATUS,X          DON'T UPDATE SPRITE
14C1- A9 C9     4460                     LDA #$C9
14C3- 95 BB     4470                     STA ORBIT.SPRITE,X           PUT IN FIRST EXPLOSION PIC.
14C5- A9 05     4480                     LDA #$05
14C7- 95 AC     4490                     STA OBJECT.TYPE,X            OBJECT IS AN EXPLOSION
14C9- A9 50     4500                     LDA #$50                     50 POINTS
14CB- 85 4E     4510                     STA SCORE.TEMP
14CD- A9 00     4520                     LDA #$00
14CF- 85 4F     4530                     STA SCORE.TEMP+1
14D1- 85 50     4540                     STA SCORE.TEMP+2
14D3- 20 60 0F  4550                     JSR DO.SCORE.ADD
14D6- 60        4560 .01                 RTS
                4570 *--------------------------------
                4580 * DOES PLANET SCENE
                4590 *--------------------------------
14D7- 68        4600 INTO.PLANET         PLA                          CLEAN STACK
14D8- 68        4610                     PLA
14D9- A9 00     4620                     LDA #$00
14DB- 85 DF     4630                     STA SHOTY
14DD- 85 A3     4640                     STA SHOT.STATUS
14DF- 85 AB     4650                     STA SHOT.COUNT
14E1- 8D 01 02  4660                     STA MOTHER.DIR
14E4- 8D 03 02  4670                     STA MOTHER.STATUS
14E7- 8D 20 02  4680                     STA MOTHER.FLAG
14EA- 8D 1F 02  4690                     STA SAUCER.COUNT
14ED- 8D 15 02  4700                     STA SAUCERY
14F0- 8D 16 02  4710                     STA SAUCERY+1
14F3- 8D 13 02  4720                     STA SAUCER.STATUS
14F6- 8D 14 02  4730                     STA SAUCER.STATUS+1
14F9- 8D 38 02  4740                     STA SAUCER.SHOT.STATUS
14FC- 85 5F     4750                     STA SHIELD.ON.FLAG
14FE- 8D 47 02  4760                     STA BUZZ
1501- 8D 11 02  4770                     STA SINE.Y
1504- 8D 41 02  4780                     STA SPACE.SND
1507- 8D 45 02  4790                     STA BLOWUP.SND
150A- 8D 04 D4  4800                     STA SCNTRL.1
150D- 8D 0B D4  4810                     STA SCNTRL.2
1510- 8D 12 D4  4820                     STA SCNTRL.3
1513- A0 04     4830                     LDY #$04
1515- 99 EA 00  4840 .1                  STA YSPRITE,Y                MOVE SPRITES OFF SCREEN
1518- 99 B6 00  4850                     STA SPRITE.STATUS,Y
151B- 99 8F 00  4860                     STA EXPLODE.FLAG,Y
151E- 99 99 00  4870                     STA CRATER.FLAG,Y
1521- 99 8A 00  4880                     STA SPRITE.WHOLE,Y
1524- 88        4890                     DEY
1525- 10 EE     4900                     BPL .1
1527- AD 11 D0  4910 .82                 LDA VIC.CONTROL.1
152A- 10 FB     4920                     BPL .82
152C- AD 11 D0  4930 .83                 LDA VIC.CONTROL.1
152F- 30 FB     4940                     BMI .83
1531- 78        4950                     SEI
1532- A9 C5     4960                     LDA #INTO.PLANET.TBL-4
1534- 85 EF     4970                     STA NOTE.POINTER
1536- A9 2F     4980                     LDA /INTO.PLANET.TBL-4
1538- 85 F0     4990                     STA NOTE.POINTER+1
153A- A9 01     5000                     LDA #$01
153C- 85 F1     5010                     STA NOTE.DELAY
153E- 58        5020                     CLI
153F- A9 01     5030                     LDA #WHITE
1541- 85 58     5040                     STA SHIP.COLOR
1543- A9 D3     5050                     LDA #$D3
1545- 8D 4A 02  5060                     STA SYNC.COUNT
1548- A9 D7     5070                     LDA #$D7
154A- 8D 4B 02  5080                     STA SYNC.COUNT2
154D- A0 02     5090                     LDY #$02
154F- 84 16     5100                     STY GAME.STATUS
1551- 99 04 02  5110 .8                  STA MOTHERY,Y
1554- 88        5120                     DEY
1555- 10 FA     5130                     BPL .8
1557- A9 33     5140                     LDA #$33
1559- 85 57     5150                     STA SHIP.PHASE
155B- A9 0E     5160                     LDA #$0E
155D- 85 19     5170                     STA GROUND.SPEED
155F- A9 04     5180                     LDA #$04
1561- 85 A2     5190                     STA RING.DELAY
1563- A9 60     5200                     LDA #$60
1565- 85 6F     5210                     STA ISSUE.DELAY
1567- A9 05     5220                     LDA #$05
1569- 85 9F     5230                     STA EXPLODE.DELAY
156B- A9 06     5240                     LDA #$06
156D- 85 60     5250                     STA FUEL.DELAY
156F- B5 B1     5260                     LDA OBJECT.COLOR,X
1571- C9 09     5270                     CMP #$09
1573- D0 02     5280                     BNE .7
1575- A9 02     5290                     LDA #$02
1577- 85 6E     5300 .7                  STA PLANET.COLOR             SAVE FOR MOON COLOR
1579- A9 F0     5310                     LDA #$F0
157B- 85 06     5320                     STA TEMP2                    FIRST STRIPE CHARACTER
157D- AD 11 D0  5330 .2                  LDA VIC.CONTROL.1
1580- 10 FB     5340                     BPL .2
1582- AD 11 D0  5350 .21                 LDA VIC.CONTROL.1
1585- 30 FB     5360                     BMI .21
1587- 20 7D 16  5370                     JSR SCROLL.UP                MOVE SCREEN DATA
158A- A0 00     5380                     LDY #$00
158C- A5 06     5390 .4                  LDA TEMP2
158E- 99 20 4B  5400                     STA SCREEN.MEMORY+$320,Y     MOVE NEW LINE OF STRIPE CHRS
1591- A5 6E     5410                     LDA PLANET.COLOR
1593- 99 20 DB  5420                     STA COLOR.MEMORY+$320,Y      MOVE IN COLOR MEMORY
1596- C8        5430                     INY
1597- C0 28     5440                     CPY #$28
1599- D0 F1     5450                     BNE .4
159B- AD 11 D0  5460 .89                 LDA VIC.CONTROL.1
159E- 30 FB     5470                     BMI .89
15A0- AD 11 D0  5480 .88                 LDA VIC.CONTROL.1
15A3- 10 FB     5490                     BPL .88
15A5- A2 07     5500                     LDX #$07
15A7- 86 6C     5510 .6                  STX SCROLL.COUNT
15A9- CE 4B 02  5520                     DEC SYNC.COUNT2
15AC- AD 4B 02  5530                     LDA SYNC.COUNT2
15AF- CD 4A 02  5540                     CMP SYNC.COUNT
15B2- D0 03     5550                     BNE .61
15B4- CE 4A 02  5560                     DEC SYNC.COUNT
15B7- CA        5570 .61                 DEX                          SCROLL 8 LINES
15B8- 10 ED     5580                     BPL .6
15BA- A5 06     5590                     LDA TEMP2
15BC- 48        5600                     PHA                          SAVE STRIPE CHARACTER DATA
15BD- 20 01 11  5610                     JSR LOAD.STRIPES             LOAD INTO CHARACTERS
15C0- 68        5620                     PLA                          RESTORE STRIPE CHARACTER DATA
15C1- 18        5630                     CLC
15C2- 69 01     5640                     ADC #$01                     NEXT CHARACTER
15C4- C9 FD     5650                     CMP #$FD                     DONE?
15C6- F0 04     5660                     BEQ .5
15C8- 85 06     5670                     STA TEMP2                    NO. PUT NEW VALUE IN TEMP
15CA- D0 B1     5680                     BNE .2                       SCROLL AGAIN
15CC- A9 03     5690 .5                  LDA #$03
15CE- 85 16     5700                     STA GAME.STATUS              UNSHRINK SCREEN
                5710 *--------------------------------
                5720 * DOES PLANET SCENE
                5730 *--------------------------------
15D0- 20 2F 10  5740 PLANET.SCENE        JSR DO.STRIPES
15D3- 20 DC 16  5750                     JSR DO.PLANET.SPRITES
15D6- 20 A3 18  5760                     JSR UPDATE.PLNT.SPRITES
15D9- 20 66 20  5770                     JSR FIRE.SAUCER.SHOT
15DC- EE 35 02  5780                     INC OLDSHIP.DELAY
15DF- AD 35 02  5790                     LDA OLDSHIP.DELAY
15E2- A4 6E     5800                     LDY PLANET.COLOR
15E4- D9 22 16  5810                     CMP SAUCER.AIM.TIME,Y
15E7- D0 0F     5820                     BNE .01
15E9- A9 00     5830                     LDA #$00
15EB- 8D 35 02  5840                     STA OLDSHIP.DELAY
15EE- A5 DA     5850                     LDA SHIPX
15F0- 8D 33 02  5860                     STA OLDSHIPX
15F3- A5 DB     5870                     LDA SHIPX+1
15F5- 8D 34 02  5880                     STA OLDSHIPX+1
15F8- 20 17 09  5890 .01                 JSR DO.SHIP
15FB- 20 8C 0B  5900                     JSR UPDATE.SHOT
15FE- 20 4A 0C  5910                     JSR DO.FUEL
1601- 20 F2 0C  5920                     JSR BLOW.UP.SHIP
1604- 20 17 09  5930                     JSR DO.SHIP
1607- 20 8C 24  5940                     JSR PLANET.COLLISIONS
160A- 20 88 18  5950                     JSR DO.RADAR.SHIP
160D- 20 17 09  5960                     JSR DO.SHIP
1610- 20 14 1A  5970                     JSR DO.MOTHER.SHIP
1613- 20 17 09  5980                     JSR DO.SHIP
1616- 20 F0 1C  5990                     JSR DO.SAUCER
1619- 20 17 09  6000                     JSR DO.SHIP
161C- 20 E0 23  6010                     JSR DO.SOUNDS
161F- 4C D0 15  6020                     JMP PLANET.SCENE
                6030 *--------------------------------
                6040 * TABLE OF TIMES FOR SAUCER TO
                6050 * HOME IN ON SHIP.
                6060 *--------------------------------
1622- 00 00 01
1625- 00 00 05
1628- 07 03     6070 SAUCER.AIM.TIME     .HS 0000010000050703
                6080 *--------------------------------
                6090 * GAME OVER
                6100 *--------------------------------
162A- A9 00     6110 GAME.OVER           LDA #$00
162C- 8D 04 D4  6120                     STA SCNTRL.1
162F- 8D 0B D4  6130                     STA SCNTRL.2
1632- 8D 12 D4  6140                     STA SCNTRL.3
1635- 85 DC     6150                     STA SHIPY
1637- 85 64     6160                     STA FUEL.LOW.FLAG
1639- A0 11     6170                     LDY #$11
163B- B9 57 16  6180 .02                 LDA GAME.OVER.CHRS,Y
163E- 99 FB 48  6190                     STA SCREEN.MEMORY+$FB,Y
1641- A9 01     6200                     LDA #WHITE
1643- 99 FB D8  6210                     STA COLOR.MEMORY+$FB,Y
1646- 88        6220                     DEY
1647- 10 F2     6230                     BPL .02
1649- A9 05     6240                     LDA #$05
164B- 85 16     6250                     STA GAME.STATUS
164D- 20 74 16  6260 .03                 JSR GETPORT
1650- 29 10     6270                     AND #$10
1652- D0 F9     6280                     BNE .03
1654- 4C 60 08  6290                     JMP COLD.START
                6300 *--------------------------------
1657- B6 B7 B8
165A- B9 BA BB
165D- BC BD     6310 GAME.OVER.CHRS      .HS B6B7B8B9BABBBCBD
165F- 00 00 BE
1662- BF C0 C1
1665- BC BD     6320                     .HS 0000BEBFC0C1BCBD
1667- C2 C3     6330                     .HS C2C3
                6340 *--------------------------------
                6350 * DELAY FOR MAIN LOOP
                6360 *--------------------------------
1669- A2 10     6370 DELAY               LDX #$10
166B- A0 00     6380 .2                  LDY #$00
166D- 88        6390 .1                  DEY
166E- D0 FD     6400                     BNE .1
1670- CA        6410                     DEX
1671- D0 F8     6420                     BNE .2
1673- 60        6430                     RTS
                6440 *--------------------------------
                6450 * GETS JOYSTICK VALUE
                6460 *--------------------------------
1674- AD 00 DC  6470 GETPORT             LDA PORTA1
1677- 2D 01 DC  6480                     AND PORTB1
167A- 29 1F     6490                     AND #$1F
167C- 60        6500                     RTS
                6510 *--------------------------------
                6520 * SCROLL SCREEN UP ONE LINE
                6530 * AND SCROLL COLOR MEMORY
                6540 *--------------------------------
167D-           6550 SCROLL.UP           >BUILD SCREEN.MEMORY,POINT1
167D- A9 00     0000>            LDA #SCREEN.MEMORY
167F- 85 0E     0000>            STA POINT1
1681- A9 48     0000>            LDA /SCREEN.MEMORY
1683- 85 0F     0000>            STA POINT1+1
1685-           6560                     >BUILD SCREEN.MEMORY+$28,POINT2
1685- A9 28     0000>            LDA #SCREEN.MEMORY+$28
1687- 85 10     0000>            STA POINT2
1689- A9 48     0000>            LDA /SCREEN.MEMORY+$28
168B- 85 11     0000>            STA POINT2+1
168D-           6570                     >BUILD COLOR.MEMORY,POINT3
168D- A9 00     0000>            LDA #COLOR.MEMORY
168F- 85 12     0000>            STA POINT3
1691- A9 D8     0000>            LDA /COLOR.MEMORY
1693- 85 13     0000>            STA POINT3+1
1695-           6580                     >BUILD COLOR.MEMORY+$28,POINT4
1695- A9 28     0000>            LDA #COLOR.MEMORY+$28
1697- 85 14     0000>            STA POINT4
1699- A9 D8     0000>            LDA /COLOR.MEMORY+$28
169B- 85 15     0000>            STA POINT4+1
169D- A2 14     6590                     LDX #$14                     X=NUMBER OF LINES TO MOVE!
169F- A0 27     6600 .1                  LDY #$27                     Y=CHARACTERS PER LINE!
16A1- B1 10     6610 .2                  LDA (POINT2),Y
16A3- 91 0E     6620                     STA (POINT1),Y
16A5- B1 14     6630                     LDA (POINT4),Y
16A7- 91 12     6640                     STA (POINT3),Y
16A9- 88        6650                     DEY
16AA- 10 F5     6660                     BPL .2
16AC-           6670                     >ADD $28,POINT1
16AC- A9 28     0000>            LDA #$28
16AE- 18        0000>            CLC
16AF- 65 0E     0000>            ADC POINT1
16B1- 85 0E     0000>            STA POINT1
16B3- 90 02     0000>            BCC :1
16B5- E6 0F     0000>            INC POINT1+1
                0000> :1
16B7-           6680                     >ADD $28,POINT2
16B7- A9 28     0000>            LDA #$28
16B9- 18        0000>            CLC
16BA- 65 10     0000>            ADC POINT2
16BC- 85 10     0000>            STA POINT2
16BE- 90 02     0000>            BCC :1
16C0- E6 11     0000>            INC POINT2+1
                0000> :1
16C2-           6690                     >ADD $28,POINT3
16C2- A9 28     0000>            LDA #$28
16C4- 18        0000>            CLC
16C5- 65 12     0000>            ADC POINT3
16C7- 85 12     0000>            STA POINT3
16C9- 90 02     0000>            BCC :1
16CB- E6 13     0000>            INC POINT3+1
                0000> :1
16CD-           6700                     >ADD $28,POINT4
16CD- A9 28     0000>            LDA #$28
16CF- 18        0000>            CLC
16D0- 65 14     0000>            ADC POINT4
16D2- 85 14     0000>            STA POINT4
16D4- 90 02     0000>            BCC :1
16D6- E6 15     0000>            INC POINT4+1
                0000> :1
16D8- CA        6710                     DEX
16D9- D0 C4     6720                     BNE .1
16DB- 60        6730                     RTS
                6740 *--------------------------------
                6750 * BUILDS SPRITES FOR PLANET
                6760 *--------------------------------
16DC- C6 6F     6770 DO.PLANET.SPRITES   DEC ISSUE.DELAY
16DE- F0 0B     6780                     BEQ .01
16E0- A5 19     6790                     LDA GROUND.SPEED
16E2- C9 12     6800                     CMP #$12
16E4- 90 04     6810                     BCC .03
16E6- C6 6F     6820                     DEC ISSUE.DELAY
16E8- F0 01     6830                     BEQ .01
16EA- 60        6840 .03                 RTS
16EB- A9 60     6850 .01                 LDA #$60
16ED- 85 6F     6860                     STA ISSUE.DELAY
16EF- A4 6E     6870                     LDY PLANET.COLOR             GET PLANET COLOR
16F1- 20 E0 19  6880                     JSR GETRND
16F4- B9 9B 18  6890 .02                 LDA CHANCE.TBL,Y             GET CHANCE VALUE
16F7- 38        6900                     SEC
16F8- E5 66     6910                     SBC RANDOM.NUMBER            COMPARE WITH A RANDOM NUMBER
16FA- B0 69     6920                     BCS BUILD.MAN                TEST CARRY TO SEE IF A MAN
                6930 *--------------------------------
16FC- A0 02     6940 BUILD.TOWER         LDY #$02                     NUMBER OF SPRITES TO FIND
16FE- 20 35 18  6950                     JSR GET.A.SPRITE             DO TOP TOWER SPRITE
1701- A9 3E     6960                     LDA #$3E
1703- 95 BB     6970                     STA ORBIT.SPRITE,X           CLEAR SPRITE
1705- A9 06     6980                     LDA #$06
1707- 95 AC     6990                     STA OBJECT.TYPE,X            OBJECT 6 = TOP OF TOWER
1709- A9 01     7000                     LDA #$01
170B- 95 76     7010                     STA SHAPE.CHANGE,X           SET UPDATE SPRITE COUNTER
170D- 95 B6     7020                     STA SPRITE.STATUS,X          SPRITE ON SCREEN
170F- 95 85     7030                     STA SPRITE.FRACTION,X        FRACTION STARTS AT 1
1711- A9 08     7040                     LDA #$08
1713- 95 71     7050                     STA SHAPE.INDEX,X            RESET SHAPE TABLE INDEX
1715- A9 02     7060                     LDA #$02
1717- 95 94     7070                     STA EXPLODE.INDEX,X
1719- 20 9A 17  7080                     JSR DO.MULTI.COLOR           UPDATE MULTI-COLOR
171C- 20 CD 17  7090                     JSR SETUP.XPOS               GET RANDOM XPOS AND YMOVEMENT
171F- A9 50     7100                     LDA #$50
1721- 95 EA     7110                     STA YSPRITE,X
1723- B5 E0     7120                     LDA XSPRITE,X
1725- 85 05     7130                     STA TEMP1                    SAVE XPOS FOR BOTTOM SPRITE
1727- B5 7B     7140                     LDA YCOUNT,X
1729- 85 06     7150                     STA TEMP2                    SAVE YCOUNT FOR BOTTOM SPRITE
172B- B5 C0     7160                     LDA XDIR.FLAG,X
172D- 85 07     7170                     STA TEMP3                    SAVE X DIR. FOR BOTTOM SPRITE
172F- A6 0B     7180                     LDX TEMP7                    GET BACK FIRST SPRITE FOUND
1731- A9 3E     7190                     LDA #$3E
1733- 95 BB     7200                     STA ORBIT.SPRITE,X           CLEAR SPRITE
1735- A9 07     7210                     LDA #$07
1737- 95 AC     7220                     STA OBJECT.TYPE,X            OBJECT 7 = BOTTOM OF TOWER
1739- A9 08     7230                     LDA #$08
173B- 95 71     7240                     STA SHAPE.INDEX,X            RESET SHAPE TABLE INDEX
173D- A9 01     7250                     LDA #$01
173F- 95 B6     7260                     STA SPRITE.STATUS,X
1741- 95 76     7270                     STA SHAPE.CHANGE,X
1743- 95 85     7280                     STA SPRITE.FRACTION,X        FRACTION STARTS AT 1
1745- A9 02     7290                     LDA #$02
1747- 95 94     7300                     STA EXPLODE.INDEX,X
1749- 20 9A 17  7310                     JSR DO.MULTI.COLOR           UPDATE MULTI-COLOR
174C- A9 65     7320                     LDA #$65
174E- 95 EA     7330                     STA YSPRITE,X
1750- A5 05     7340                     LDA TEMP1                    GET TOP TOWER SPRITE XPOS
1752- 95 E0     7350                     STA XSPRITE,X                MOVE SPRITE TO SAME XPOS
1754- A9 00     7360                     LDA #$00
1756- 95 8F     7370                     STA EXPLODE.FLAG,X
1758- 95 E5     7380                     STA XMSB.SPRITE,X            MSB=0
175A- A5 06     7390                     LDA TEMP2                    GET TOP TOWER SPRITE YCOUNT
175C- 95 7B     7400                     STA YCOUNT,X                 STORE IN BOTTOM SPRITE COUNTER
175E- 95 80     7410                     STA YCOUNT.REP,X             STORE IN COUNTER REPLACER
1760- A5 07     7420                     LDA TEMP3                    GET TOP TOWER SPRITE XDIR.FLAG
1762- 95 C0     7430                     STA XDIR.FLAG,X              STORE IN BOTTOM XDIR.FLAG
1764- 60        7440                     RTS
                7450 *--------------------------------
1765- A0 01     7460 BUILD.MAN           LDY #$01                     NUMBER OF SPRITES TO FIND
1767- 20 35 18  7470                     JSR GET.A.SPRITE             GET A FREE SPRITE FOR MAN
176A- A9 3E     7480                     LDA #$3E
176C- 95 BB     7490                     STA ORBIT.SPRITE,X           CLEAR SPRITE
176E- A5 9E     7500                     LDA DO.RINGS.FLAG
1770- F0 06     7510                     BEQ .01
1772- A9 0A     7520                     LDA #$0A
1774- 95 AC     7530                     STA OBJECT.TYPE,X
1776- D0 04     7540                     BNE .02
1778- A9 08     7550 .01                 LDA #$08
177A- 95 AC     7560                     STA OBJECT.TYPE,X            OBJECT 8 = MAN
177C- A9 01     7570 .02                 LDA #$01
177E- 95 76     7580                     STA SHAPE.CHANGE,X           SET UPDATE SPRITE COUNTER
1780- 95 B6     7590                     STA SPRITE.STATUS,X          SO SPRITE WILL BE UPDATED
1782- 95 85     7600                     STA SPRITE.FRACTION,X        FRACTION STARTS AT 1
1784- A9 08     7610                     LDA #$08
1786- 95 71     7620                     STA SHAPE.INDEX,X            RESET SHAPE TABLE INDEX
1788- A9 02     7630                     LDA #$02
178A- 95 94     7640                     STA EXPLODE.INDEX,X
178C- 20 9A 17  7650                     JSR DO.MULTI.COLOR           UPDATE MULTI-COLOR
178F- 20 CD 17  7660                     JSR SETUP.XPOS               GET RANDOM XPOS AND YMOVEMENT
1792- 20 4B 18  7670                     JSR DO.RADAR.MAN
1795- A9 65     7680                     LDA #$65
1797- 95 EA     7690                     STA YSPRITE,X
1799- 60        7700                     RTS
                7710 *--------------------------------
                7720 * UPDATES MULTI-COLOR SHADOW
                7730 *--------------------------------
179A- 8A        7740 DO.MULTI.COLOR      TXA
179B- 18        7750                     CLC
179C- 69 03     7760                     ADC #$03                     GET AMOUNT TO BE SHIFTED
179E- A8        7770                     TAY
179F- A9 01     7780                     LDA #$01
17A1- 0A        7790 .01                 ASL                          SHIFT LEFT
17A2- 88        7800                     DEY
17A3- D0 FC     7810                     BNE .01
17A5- B4 AC     7820                     LDY OBJECT.TYPE,X
17A7- C0 08     7830                     CPY #$08                     IF MAN, SET FOR HI-RES
17A9- D0 15     7840                     BNE .02
17AB- 49 FF     7850 .03                 EOR #$FF
17AD- 25 70     7860                     AND MULTI.COLOR.SAVE
17AF- 85 70     7870                     STA MULTI.COLOR.SAVE         UPDATE MULTI-COLOR SHADOW
17B1- B5 AC     7880                     LDA OBJECT.TYPE,X
17B3- C9 0A     7890                     CMP #$0A
17B5- D0 04     7900                     BNE .04
17B7- A9 01     7910                     LDA #WHITE
17B9- D0 02     7920                     BNE .05
17BB- A9 00     7930 .04                 LDA #BLACK
17BD- 95 B1     7940 .05                 STA OBJECT.COLOR,X           MAKE MEN BLACK
17BF- 60        7950                     RTS
17C0- C0 0A     7960 .02                 CPY #$0A
17C2- F0 E7     7970                     BEQ .03
17C4- 05 70     7980                     ORA MULTI.COLOR.SAVE
17C6- 85 70     7990                     STA MULTI.COLOR.SAVE         UPDATE MULTI-COLOR SHADOW
17C8- A9 07     8000                     LDA #YELLOW
17CA- 95 B1     8010                     STA OBJECT.COLOR,X           ONE COLOR PURPLE
17CC- 60        8020                     RTS
                8030 *--------------------------------
                8040 * CALCULATE YMOVEMENT AND XPOS
                8050 *--------------------------------
17CD- A9 00     8060 SETUP.XPOS          LDA #$00
17CF- 95 8F     8070                     STA EXPLODE.FLAG,X
17D1- 95 E5     8080                     STA XMSB.SPRITE,X            MSB=0
17D3- 20 E0 19  8090 .01                 JSR GETRND                   GET A RANDOM NUMBER
17D6- C9 03     8100                     CMP #$03
17D8- 90 F9     8110                     BCC .01
17DA- B4 AC     8120                     LDY OBJECT.TYPE,X
17DC- C0 0A     8130                     CPY #$0A                     CHECK IF A RING
17DE- D0 10     8140                     BNE .02
17E0- C9 48     8150                     CMP #$48
17E2- 90 03     8160                     BCC .03
17E4- 4A        8170                     LSR
17E5- 4A        8180                     LSR
17E6- 4A        8190                     LSR
17E7- C9 1C     8200 .03                 CMP #$1C
17E9- B0 0E     8210                     BCS .04
17EB- 18        8220                     CLC
17EC- 69 20     8230                     ADC #$20
17EE- D0 09     8240                     BNE .04
17F0- C9 64     8250 .02                 CMP #$64                     BETWEEN 0-100
17F2- 90 05     8260                     BCC .04                      IF < CONTINUE
17F4- 38        8270                     SEC
17F5- E9 20     8280                     SBC #$20
17F7- D0 F7     8290                     BNE .02
17F9- 18        8300 .04                 CLC                          HERE NUMBER < 100
17FA- 69 7C     8310                     ADC #$7C                     MOVE TO MIDDLE THIRD OF SCREEN
17FC- 95 E0     8320                     STA XSPRITE,X                MOVE SPRITE TO RANDOM XPOS
17FE- C9 B0     8330                     CMP #$B0                     COMPARE TO MIDDLE OF SCREEN
1800- 90 0C     8340                     BCC .05                      RIGHT OR LEFT OF MIDDLE?
1802- 38        8350                     SEC
1803- E9 B0     8360                     SBC #$B0                     FIND DISTANCE FROM MIDDLE
1805- 0A        8370                     ASL                          MULTIPLY BY 2 FOR TOTAL TRAVEL
1806- 85 07     8380                     STA TEMP3                    SAVE FOR DIVISION
1808- A9 00     8390                     LDA #$00
180A- 95 C0     8400                     STA XDIR.FLAG,X              0 = RIGHT MOVEMENT OF SPRITE
180C- F0 0F     8410                     BEQ .06                      DO DIVISION
180E- 38        8420 .05                 SEC
180F- E9 B0     8430                     SBC #$B0
1811- 49 FF     8440                     EOR #$FF
1813- 18        8450                     CLC
1814- 69 01     8460                     ADC #$01                     FIND DISTANCE FROM MIDDLE
1816- 0A        8470                     ASL                          MULTIPLY BY 2 FOR TOTAL TRAVEL
1817- 85 07     8480                     STA TEMP3                    SAVE FOR DIVISION
1819- A9 01     8490                     LDA #$01
181B- 95 C0     8500                     STA XDIR.FLAG,X              1 = LEFT MOVEMENT OF SPRITE
181D- A9 64     8510 .06                 LDA #$64
181F- 85 05     8520                     STA TEMP1                    DIVIDEND = TOTAL Y TRAVEL
1821- A9 00     8530                     LDA #$00
1823- 85 06     8540                     STA TEMP2
1825- 85 08     8550                     STA TEMP4                    CLEAR HIGH BYTES
1827- 8A        8560                     TXA
1828- 48        8570                     PHA                          SAVE X ON STACK
1829- 20 FE 13  8580                     JSR DIVIDER                  DIVIDE TO GET YCOUNT
182C- 68        8590                     PLA                          GET X FROM STACK
182D- AA        8600                     TAX                          RESTORE X
182E- A5 05     8610                     LDA TEMP1                    GET QUOTIENT
1830- 95 7B     8620                     STA YCOUNT,X                 STORE IN COUNTER
1832- 95 80     8630                     STA YCOUNT.REP,X             SAVE IN COUNTER REPLACER
1834- 60        8640                     RTS
                8650 *--------------------------------
                8660 * GET A SPRITE
                8670 *--------------------------------
1835- A2 04     8680 GET.A.SPRITE        LDX #$04                     CHECK ALL 5 SPRITES
1837- B5 B6     8690 .1                  LDA SPRITE.STATUS,X          GET STATUS OF SPRITE
1839- F0 06     8700                     BEQ .2                       0=FREE SO GOT IT!
183B- CA        8710 .4                  DEX                          CHECK ANOTHER
183C- 10 F9     8720                     BPL .1
183E- 68        8730                     PLA                          KILL RETURN ADDRESS
183F- 68        8740                     PLA                          RETURN TO MAIN LOOP!
1840- 60        8750                     RTS
1841- C0 02     8760 .2                  CPY #$02
1843- D0 05     8770                     BNE .3
1845- 86 0B     8780                     STX TEMP7
1847- 88        8790                     DEY
1848- D0 F1     8800                     BNE .4
184A- 60        8810 .3                  RTS
                8820 *--------------------------------
                8830 * UPDATES RADAR TO NEW MAN
                8840 *--------------------------------
184B- B5 7B     8850 DO.RADAR.MAN        LDA YCOUNT,X
184D- 85 07     8860                     STA TEMP3
184F- A9 70     8870                     LDA #$70
1851- 85 05     8880                     STA TEMP1
1853- A9 00     8890                     LDA #$00
1855- 85 06     8900                     STA TEMP2
1857- 85 08     8910                     STA TEMP4
1859- 8A        8920                     TXA
185A- 48        8930                     PHA
185B- 20 FE 13  8940                     JSR DIVIDER
185E- 68        8950                     PLA
185F- AA        8960                     TAX
1860- B5 E0     8970                     LDA XSPRITE,X
1862- B4 C0     8980                     LDY XDIR.FLAG,X
1864- D0 11     8990                     BNE .01
1866- 18        9000                     CLC
1867- 65 05     9010                     ADC TEMP1
1869- 6A        9020                     ROR
186A- 4A        9030                     LSR
186B- 18        9040                     CLC
186C- 69 96     9050                     ADC #$96
186E- C9 E1     9060                     CMP #$E1
1870- 90 02     9070                     BCC .02
1872- A9 E0     9080                     LDA #$E0
1874- 85 D8     9090 .02                 STA RADAR.MANX
1876- 60        9100                     RTS
1877- 38        9110 .01                 SEC
1878- E5 05     9120                     SBC TEMP1
187A- 4A        9130                     LSR
187B- 4A        9140                     LSR
187C- 18        9150                     CLC
187D- 69 96     9160                     ADC #$96
187F- C9 E1     9170                     CMP #$E1
1881- 90 02     9180                     BCC .03
1883- A9 E0     9190                     LDA #$E0
1885- 85 D8     9200 .03                 STA RADAR.MANX
1887- 60        9210                     RTS
                9220 *--------------------------------
                9230 * UPDATES RADAR SHIP
                9240 *--------------------------------
1888- A5 DB     9250 DO.RADAR.SHIP       LDA SHIPX+1
188A- 6A        9260                     ROR
188B- A5 DA     9270                     LDA SHIPX
188D- 6A        9280                     ROR
188E- 4A        9290                     LSR
188F- 18        9300                     CLC
1890- 69 96     9310                     ADC #$96
1892- C9 E1     9320                     CMP #$E1
1894- 90 02     9330                     BCC .01
1896- A9 E0     9340                     LDA #$E0
1898- 85 D9     9350 .01                 STA RADAR.SHIPX
189A- 60        9360                     RTS
                9370 *--------------------------------
                9380 * TABLES FOR RANDOM OBJECT
                9390 *--------------------------------
189B- 00 00 18
189E- 00 00 A4
18A1- C2 20     9400 CHANCE.TBL          .HS 0000180000A4C220
                9410 *--------------------------------
                9420 * BLUE PLANET--> 196/255 FOR MAN
                9430 * GREEN PLANET-> 176/255 FOR MAN
                9440 * YEL PLANET--->  86/255 FOR MAN
                9450 * RED PLANET--->  36/255 FOR MAN
                9460 *--------------------------------
                9470 * UPDATES ALL SPRITES
                9480 *--------------------------------
18A3- A2 04     9490 UPDATE.PLNT.SPRITES LDX #$04
18A5- B5 B6     9500 .02                 LDA SPRITE.STATUS,X          DOES SPRITE NEED TO BE UPDATED
18A7- F0 26     9510                     BEQ .01
18A9- B5 E0     9520                     LDA XSPRITE,X                MAKE SURE XPOS GETS SAVED
18AB- 85 CF     9530                     STA XTEMP                    BACK IF NOT UPDATED!!!!!!
18AD- B5 E5     9540                     LDA XMSB.SPRITE,X
18AF- 85 D1     9550                     STA XMSBTEMP
18B1- B5 AC     9560                     LDA OBJECT.TYPE,X            CHECK IF A SAUCER SHOT
18B3- C9 0D     9570                     CMP #$0D
18B5- D0 06     9580                     BNE .03
18B7- 20 8F 21  9590                     JSR SAUCER.SHOT.UPDATE
18BA- 4C C3 18  9600                     JMP .04
18BD- 20 D3 18  9610 .03                 JSR DO.XYPOSITION            GET NEW SPRITE POSITIONS
18C0- 20 39 19  9620                     JSR DO.PICTURE.UPDATE        UPDATE SPRITE PICTURE
18C3- A5 CF     9630 .04                 LDA XTEMP
18C5- 95 E0     9640                     STA XSPRITE,X                UPDATE XPOS
18C7- A5 D1     9650                     LDA XMSBTEMP
18C9- 95 E5     9660                     STA XMSB.SPRITE,X            UPDATE XPOS MSB
18CB- A5 D0     9670                     LDA YTEMP
18CD- 95 EA     9680                     STA YSPRITE,X                UPDATE YPOS
18CF- CA        9690 .01                 DEX
18D0- 10 D3     9700                     BPL .02
18D2- 60        9710                     RTS
                9720 *--------------------------------
                9730 * UPDATE SPRITE X-Y POSITIONS
                9740 *--------------------------------
18D3- B5 8A     9750 DO.XYPOSITION       LDA SPRITE.WHOLE,X
18D5- 85 08     9760                     STA TEMP4                    WHOLE # FOR CALC.NEW.HEIGHT
18D7- B5 85     9770                     LDA SPRITE.FRACTION,X
18D9- 85 07     9780                     STA TEMP3                    FRAC FOR CALC.NEW.HEIGHT
18DB- 20 D3 10  9790                     JSR CALC.NEW.HEIGHT          CALC NEW HEIGHT OFFSET
18DE- A5 07     9800                     LDA TEMP3                    GET NEW FRACTION
18E0- 95 85     9810                     STA SPRITE.FRACTION,X        RESTORE NEW FRACTION
18E2- A5 08     9820                     LDA TEMP4                    GET OFFSET
18E4- 95 8A     9830                     STA SPRITE.WHOLE,X           SAVE FOR NEXT TIME
18E6- B4 AC     9840                     LDY OBJECT.TYPE,X            GET TYPE OF OBJECT
18E8- C0 06     9850                     CPY #$06                     CHECK FOR TOP OF TOWER
18EA- D0 05     9860                     BNE .01
18EC- 18        9870                     CLC
18ED- 69 50     9880 .09                 ADC #$50                     ADD OFFSET TO GET YPOS
18EF- D0 07     9890                     BNE .02
18F1- C0 0C     9900 .01                 CPY #$0C
18F3- F0 F8     9910                     BEQ .09
18F5- 18        9920                     CLC
18F6- 69 65     9930                     ADC #$65                     ADD OFFSET TO GET YPOS
18F8- 85 D0     9940 .02                 STA YTEMP                    MOVE SPRITE DOWN
18FA- C9 D8     9950                     CMP #$D8                     CHECK FOR BOTTOM OF SCREEN
18FC- B0 2E     9960                     BCS .03                      IF THERE, BUILD NEW SPRITE
18FE- 38        9970                     SEC
18FF- F5 EA     9980                     SBC YSPRITE,X                GET DIFFERENCE--NEW MINUS OLD
1901- 85 08     9990                     STA TEMP4
1903- F0 08     10000                     BEQ .08
1905- A8        10010                     TAY                          DIFFERENCE USED AS COUNTER
1906- D6 7B     10020 .05                 DEC YCOUNT,X
1908- F0 04     10030                     BEQ .04
190A- 88        10040 .07                 DEY
190B- D0 F9     10050                     BNE .05
190D- 60        10060 .08                 RTS
190E- B5 80     10070 .04                 LDA YCOUNT.REP,X             GET REPLACEMENT VALUE
1910- 95 7B     10080                     STA YCOUNT,X                 RESET COUNTER
1912- B5 C0     10090                     LDA XDIR.FLAG,X              MOVE RIGHT OR LEFT?
1914- D0 0D     10100                     BNE .06
1916- A5 CF     10110                     LDA XTEMP                    GET XPOS
1918- 18        10120                     CLC
1919- 69 01     10130                     ADC #$01
191B- 85 CF     10140                     STA XTEMP                    MOVE SPRITE RIGHT ONE POSITION
191D- 90 EB     10150                     BCC .07                      CHECK FOR MSB
191F- E6 D1     10160                     INC XMSBTEMP                 SET MSB IF OVER 255
1921- D0 E7     10170                     BNE .07
1923- A5 CF     10180 .06                 LDA XTEMP                    GET XPOS
1925- 38        10190                     SEC
1926- E9 01     10200                     SBC #$01
1928- 85 CF     10210                     STA XTEMP                    MOVE SPRITE LEFT ONE POSITION
192A- B0 DE     10220                     BCS .07
192C- A9 00     10230 .03                 LDA #$00
192E- 85 D0     10240                     STA YTEMP                    MOVE SPRITE OFF SCREEN
1930- 95 B6     10250                     STA SPRITE.STATUS,X          BUILD NEW SPRITE
1932- 95 99     10260                     STA CRATER.FLAG,X            NOT CRATER FOR NEW SPRITE
1934- 95 8A     10270                     STA SPRITE.WHOLE,X           YPOS OFFSET NOW ZERO
1936- 95 8F     10280                     STA EXPLODE.FLAG,X
1938- 60        10290                     RTS
                10300 *--------------------------------
                10310 * UPDATE SPRITE PICTURES
                10320 *--------------------------------
1939- B5 8F     10330 DO.PICTURE.UPDATE   LDA EXPLODE.FLAG,X           IS SPRITE EXPLODING
193B- F0 3C     10340                     BEQ .01
193D- C6 9F     10350                     DEC EXPLODE.DELAY
193F- D0 1F     10360                     BNE .12
1941- A9 05     10370                     LDA #$05
1943- 85 9F     10380                     STA EXPLODE.DELAY
1945- B4 94     10390                     LDY EXPLODE.INDEX,X          GET INDEX
1947- B9 09 1A  10400                     LDA EXPLOSION,Y              GET EXPLOSION PICTURE
194A- 95 BB     10410                     STA ORBIT.SPRITE,X           UPDATE SPRITE
194C- D6 76     10420                     DEC SHAPE.CHANGE,X           UPDATE SHAPE CHANGE COUNTER
194E- D0 0C     10430                     BNE .02
1950- A9 08     10440                     LDA #$08
1952- 95 76     10450                     STA SHAPE.CHANGE,X
1954- D6 71     10460                     DEC SHAPE.INDEX,X
1956- 10 04     10470                     BPL .02
1958- A9 01     10480                     LDA #$01
195A- 95 71     10490                     STA SHAPE.INDEX,X
195C- D6 94     10500 .02                 DEC EXPLODE.INDEX,X          UPDATE SHAPE TABLE INDEX
195E- 30 01     10510                     BMI .03
1960- 60        10520 .12                 RTS
1961- A9 00     10530 .03                 LDA #$00
1963- 95 8F     10540                     STA EXPLODE.FLAG,X
1965- B4 AC     10550                     LDY OBJECT.TYPE,X
1967- C0 0C     10560                     CPY #$0C                     CHECK FOR TOP OF TOWER
1969- D0 09     10570                     BNE .04
196B- 95 B6     10580                     STA SPRITE.STATUS,X
196D- 95 8A     10590                     STA SPRITE.WHOLE,X
196F- 95 8F     10600                     STA EXPLODE.FLAG,X
1971- 85 D0     10610                     STA YTEMP
1973- 60        10620                     RTS
1974- A9 01     10630 .04                 LDA #$01
1976- 95 99     10640                     STA CRATER.FLAG,X            START MOVING CRATER DOWN
1978- 60        10650                     RTS
1979- B5 AC     10660 .01                 LDA OBJECT.TYPE,X
197B- C9 0B     10670                     CMP #$0B
197D- D0 07     10680                     BNE .13
197F- A9 08     10690                     LDA #$08
1981- 95 AC     10700                     STA OBJECT.TYPE,X
1983- 20 9A 17  10710                     JSR DO.MULTI.COLOR
1986- A4 08     10720 .13                 LDY TEMP4                    GET AMOUNT OF Y MOVEMENT
1988- D0 01     10730                     BNE .06
198A- 60        10740                     RTS
198B- D6 76     10750 .06                 DEC SHAPE.CHANGE,X
198D- F0 04     10760                     BEQ .05                      DOES SPRITE NEED NEW PICTURE?
198F- 88        10770                     DEY
1990- D0 F9     10780                     BNE .06
1992- 60        10790                     RTS
1993- 98        10800 .05                 TYA
1994- 48        10810                     PHA                          SAVE Y REGISTER
1995- A9 08     10820                     LDA #$08
1997- 95 76     10830                     STA SHAPE.CHANGE,X           RESET SHAPE CHANGE COUNTER
1999- D6 71     10840                     DEC SHAPE.INDEX,X
199B- 10 02     10850                     BPL .07
199D- 68        10860                     PLA                          RESTORE STACK
199E- 60        10870                     RTS
199F- B4 71     10880 .07                 LDY SHAPE.INDEX,X            GET SHAPE TABLE INDEX
19A1- B5 99     10890                     LDA CRATER.FLAG,X            CHECK FOR CRATER
19A3- F0 09     10900                     BEQ .08
19A5- B9 01 1A  10910                     LDA CRATER,Y                 GET NEXT CRATER SHAPE
19A8- 95 BB     10920                     STA ORBIT.SPRITE,X           UPDATE SPRITE
19AA- 68        10930                     PLA                          GET BACK Y REGISTER
19AB- A8        10940                     TAY
19AC- D0 DD     10950                     BNE .06
19AE- B5 AC     10960 .08                 LDA OBJECT.TYPE,X            GET TYPE OF OBJECT
19B0- C9 06     10970                     CMP #$06
19B2- D0 09     10980                     BNE .09                      CHECK FOR TOP OF TOWER
19B4- B9 E9 19  10990                     LDA TOWER.TOP,Y              GET NEXT TOWER SHAPE
19B7- 95 BB     11000                     STA ORBIT.SPRITE,X           UPDATE SPRITE
19B9- 68        11010                     PLA                          GET BACK Y REGISTER
19BA- A8        11020                     TAY
19BB- D0 CE     11030                     BNE .06
19BD- C9 07     11040 .09                 CMP #$07
19BF- D0 09     11050                     BNE .10                      CHECK FOR BOTTOM OF TOWER
19C1- B9 F1 19  11060                     LDA TOWER.BOT,Y              GET NEXT TOWER SHAPE
19C4- 95 BB     11070                     STA ORBIT.SPRITE,X           UPDATE SPRITE
19C6- 68        11080                     PLA                          GET BACK Y REGISTER
19C7- A8        11090                     TAY
19C8- D0 C1     11100                     BNE .06
19CA- C9 0A     11110 .10                 CMP #$0A
19CC- D0 09     11120                     BNE .11
19CE- B9 0C 1A  11130                     LDA RING,Y
19D1- 95 BB     11140                     STA ORBIT.SPRITE,X
19D3- 68        11150                     PLA
19D4- A8        11160                     TAY
19D5- D0 B4     11170                     BNE .06
19D7- B9 F9 19  11180 .11                 LDA MAN,Y                    GET NEXT MAN SHAPE
19DA- 95 BB     11190                     STA ORBIT.SPRITE,X           UPDATE SPRITE
19DC- 68        11200                     PLA                          GET BACK Y REGISTER
19DD- A8        11210                     TAY
19DE- D0 AB     11220                     BNE .06
                11230 *--------------------------------
                11240 * GET A RANDOM NUMBER
                11250 *--------------------------------
19E0- A5 66     11260 GETRND              LDA RANDOM.NUMBER
19E2- 0A        11270                     ASL
19E3- 45 66     11280                     EOR RANDOM.NUMBER
19E5- 0A        11290                     ASL
19E6- 26 66     11300                     ROL RANDOM.NUMBER
19E8- 60        11310                     RTS
                11320 *--------------------------------
                11330 * SPRITE POINTER TABLES
                11340 *--------------------------------
19E9- 57 56 55
19EC- 54 53 3E
19EF- 3E 3E     11350 TOWER.TOP           .HS 57565554533E3E3E
19F1- 5F 5E 5D
19F4- 5C 5B 5A
19F7- 59 58     11360 TOWER.BOT           .HS 5F5E5D5C5B5A5958
19F9- 3F 40 41
19FC- 42 43 44
19FF- 45 46     11370 MAN                 .HS 3F40414243444546
1A01- 4B 4C 4D
1A04- 4E 4F 50
1A07- 51 52     11380 CRATER              .HS 4B4C4D4E4F505152
1A09- 3B 3C 3D  11390 EXPLOSION           .HS 3B3C3D
1A0C- D2 D1 D0
1A0F- CF CE CD
1A12- CC CB     11400 RING                .HS D2D1D0CFCECDCCCB
                1130        .IN MOON.CODE.4,D1
                1000 *--------------------------------
                1010 * FILE>MOON.CODE.4
                1020 *--------------------------------
                1030 *--------------------------------
                1040 * UPDATES MOTHER SHIP OR SATELLITE
                1050 *--------------------------------
1A14- AD 03 02  1060 DO.MOTHER.SHIP      LDA MOTHER.STATUS
1A17- D0 0B     1070                     BNE .01
1A19- CE 02 02  1080                     DEC MOTHER.DELAY
1A1C- D0 1F     1090                     BNE .02
1A1E- 20 3E 1A  1100                     JSR SETUP.MOTHER             INIT MOTHER OR SATELLITE
1A21- 20 AF 1A  1110                     JSR SETUP.XPOS.START         SETUP STARTING XPOS
1A24- 20 4B 1C  1120 .01                 JSR MOTHER.COLLISION         CHECK IF HIT
1A27- 20 4D 1B  1130                     JSR MOTHER.XMOVER            MOVE LEFT OR RIGHT
1A2A- 20 EA 1A  1140                     JSR MOTHER.DONE.CHECK        CHECK IF WE ARE DONE
1A2D- AD 10 02  1150                     LDA MOTHER.PATH              GET TYPE OF YMOVEMENT
1A30- F0 0B     1160                     BEQ .02                      JUMP TO PROPER SUBROUTINE
1A32- C9 01     1170                     CMP #$01
1A34- F0 04     1180                     BEQ .03
1A36- 20 E7 1B  1190                     JSR MOTHER.Y2
1A39- 60        1200                     RTS
1A3A- 20 94 1B  1210 .03                 JSR MOTHER.Y1
1A3D- 60        1220 .02                 RTS
                1230 *--------------------------------
                1240 * INITIALIZES MOTHER SHIP
                1250 *--------------------------------
1A3E- A6 6E     1260 SETUP.MOTHER        LDX PLANET.COLOR
1A40- BD DA 1A  1270                     LDA ISSUE.TIMER,X
1A43- 8D 02 02  1280                     STA MOTHER.DELAY             SETUP DELAY UNTIL NEXT MOTHER
1A46- AD 01 02  1290                     LDA MOTHER.DIR
1A49- 49 01     1300                     EOR #$01
1A4B- 8D 01 02  1310                     STA MOTHER.DIR
1A4E- A9 01     1320                     LDA #$01
1A50- 8D 03 02  1330                     STA MOTHER.STATUS
1A53- A9 40     1340                     LDA #$40
1A55- 8D 04 02  1350                     STA MOTHERY
1A58- 8D 05 02  1360                     STA MOTHERY+1
1A5B- 8D 06 02  1370                     STA MOTHERY+2
1A5E- A9 00     1380                     LDA #$00
1A60- 8D 3C 02  1390                     STA STOP.MOVE.FLAG
1A63- 8D 3D 02  1400                     STA STOP.MOVE.FLAG+1
1A66- 8D 3E 02  1410                     STA STOP.MOVE.FLAG+2
1A69- BD D2 1A  1420                     LDA SATELLITE.PROB,X         CHECK FOR A SATELLITE
1A6C- 38        1430                     SEC
1A6D- E5 66     1440                     SBC RANDOM.NUMBER
1A6F- B0 21     1450                     BCS .01
1A71- A9 B2     1460                     LDA #$B2                     INIT MOTHER
1A73- 8D 0D 02  1470                     STA MOTHER.SPRITE
1A76- A9 B3     1480                     LDA #$B3
1A78- 8D 0E 02  1490                     STA MOTHER.SPRITE+1
1A7B- A9 CA     1500                     LDA #$CA
1A7D- 8D 0F 02  1510                     STA MOTHER.SPRITE+2
1A80- A5 66     1520                     LDA RANDOM.NUMBER
1A82- 29 03     1530                     AND #$03
1A84- 8D 10 02  1540                     STA MOTHER.PATH
1A87- A9 00     1550                     LDA #$00
1A89- 8D 12 02  1560                     STA SATELLITE.FLAG
1A8C- A9 01     1570                     LDA #$01
1A8E- 8D 20 02  1580                     STA MOTHER.FLAG
1A91- 60        1590                     RTS
1A92- A9 3E     1600 .01                 LDA #$3E                     INIT SATELLITE
1A94- 8D 0D 02  1610                     STA MOTHER.SPRITE
1A97- A9 92     1620                     LDA #$92
1A99- 8D 0E 02  1630                     STA MOTHER.SPRITE+1
1A9C- A9 CA     1640                     LDA #$CA
1A9E- 8D 0F 02  1650                     STA MOTHER.SPRITE+2
1AA1- A9 01     1660                     LDA #$01
1AA3- 8D 12 02  1670                     STA SATELLITE.FLAG
1AA6- A9 00     1680                     LDA #$00
1AA8- 8D 10 02  1690                     STA MOTHER.PATH
1AAB- 8D 20 02  1700                     STA MOTHER.FLAG
1AAE- 60        1710                     RTS
                1720 *--------------------------------
                1730 * SETS UP STARTING XPOS OF SPRITES
                1740 *--------------------------------
1AAF- AD 01 02  1750 SETUP.XPOS.START    LDA MOTHER.DIR               SETUP MOTHER STARTING XPOS
1AB2- D0 0E     1760                     BNE .01                      ACCORDING TO MOVE DIRECTION
1AB4- A9 00     1770                     LDA #$00
1AB6- A2 02     1780                     LDX #$02
1AB8- 9D 07 02  1790 .02                 STA MOTHERX,X
1ABB- 9D 0A 02  1800                     STA MOTHERXMSB,X
1ABE- CA        1810                     DEX
1ABF- 10 F7     1820                     BPL .02
1AC1- 60        1830                     RTS
1AC2- A2 02     1840 .01                 LDX #$02
1AC4- A9 01     1850 .03                 LDA #$01
1AC6- 9D 0A 02  1860                     STA MOTHERXMSB,X
1AC9- A9 58     1870                     LDA #$58
1ACB- 9D 07 02  1880                     STA MOTHERX,X
1ACE- CA        1890                     DEX
1ACF- 10 F3     1900                     BPL .03
1AD1- 60        1910                     RTS
                1920 *--------------------------------
                1930 * TABLES FOR DIFFICULTY
                1940 *--------------------------------
1AD2- 00 00 10
1AD5- 00 00 50
1AD8- 6E 20     1950 SATELLITE.PROB      .HS 0000100000506E20
1ADA- 00 00 40
1ADD- 00 00 C8
1AE0- FA 50     1960 ISSUE.TIMER         .HS 0000400000C8FA50
1AE2- 00 00 0F
1AE5- 00 00 07
1AE8- 03 0B     1970 SAUCER.VEL.TBL      .HS 00000F000007030B
                1980 *--------------------------------
                1990 * MOTHER PATH FORMULAS
                2000 *--------------------------------
1AEA- AD 01 02  2010 MOTHER.DONE.CHECK   LDA MOTHER.DIR               MOVING LEFT OR RIGHT?
1AED- D0 2D     2020                     BNE .01                      0=RIGHT
1AEF- A0 02     2030                     LDY #$02
1AF1- BE EA 1C  2040 .05                 LDX MOTHER.SPRITES.R,Y
1AF4- BD 3C 02  2050                     LDA STOP.MOVE.FLAG,X
1AF7- D0 1F     2060                     BNE .03
1AF9- BD 0A 02  2070                     LDA MOTHERXMSB,X
1AFC- F0 1D     2080                     BEQ .02
1AFE- BD 07 02  2090                     LDA MOTHERX,X
1B01- C9 58     2100                     CMP #$58
1B03- D0 13     2110                     BNE .03
1B05- A9 00     2120                     LDA #$00
1B07- 9D 04 02  2130                     STA MOTHERY,X
1B0A- A9 01     2140                     LDA #$01
1B0C- 9D 3C 02  2150                     STA STOP.MOVE.FLAG,X
1B0F- AD 12 02  2160                     LDA SATELLITE.FLAG           IF SATELLITE, THEN END IT
1B12- D0 33     2170                     BNE .04                      DON'T END MOTHER UNTIL ALL
1B14- 88        2180                     DEY                          SPRITES ARE OFF SCREEN
1B15- 30 30     2190                     BMI .04
1B17- 60        2200                     RTS
1B18- 88        2210 .03                 DEY
1B19- 10 D6     2220                     BPL .05
1B1B- 60        2230 .02                 RTS
1B1C- A0 02     2240 .01                 LDY #$02
1B1E- BE ED 1C  2250 .08                 LDX MOTHER.SPRITES.L,Y       MOTHER MUST SCROLL OFF SMOOTH
1B21- BD 3C 02  2260                     LDA STOP.MOVE.FLAG,X
1B24- D0 1D     2270                     BNE .06
1B26- BD 0A 02  2280                     LDA MOTHERXMSB,X             SO DON'T END TILL OFF SCREEN
1B29- D0 F0     2290                     BNE .02
1B2B- BD 07 02  2300                     LDA MOTHERX,X
1B2E- D0 13     2310                     BNE .06
1B30- A9 00     2320                     LDA #$00
1B32- 9D 04 02  2330                     STA MOTHERY,X
1B35- A9 01     2340                     LDA #$01
1B37- 9D 3C 02  2350                     STA STOP.MOVE.FLAG,X
1B3A- AD 12 02  2360                     LDA SATELLITE.FLAG           IF SATELLITE, THEN END IT
1B3D- D0 08     2370                     BNE .04
1B3F- 88        2380                     DEY
1B40- 30 05     2390                     BMI .04
1B42- 60        2400                     RTS
1B43- 88        2410 .06                 DEY
1B44- 10 D8     2420                     BPL .08
1B46- 60        2430                     RTS
1B47- A9 00     2440 .04                 LDA #$00                     DONE, SO BUILD ANOTHER MOTHER
1B49- 8D 03 02  2450                     STA MOTHER.STATUS
1B4C- 60        2460                     RTS
                2470 *--------------------------------
1B4D- AD 01 02  2480 MOTHER.XMOVER       LDA MOTHER.DIR               MOVE LEFT OR RIGHT?
1B50- D0 21     2490                     BNE .01                      0=RIGHT
1B52- A0 02     2500                     LDY #$02
1B54- BE EA 1C  2510 .03                 LDX MOTHER.SPRITES.R,Y
1B57- BD 3C 02  2520                     LDA STOP.MOVE.FLAG,X
1B5A- D0 10     2530                     BNE .02
1B5C- BD 07 02  2540                     LDA MOTHERX,X
1B5F- 18        2550                     CLC
1B60- 69 01     2560                     ADC #$01                     MOVE MOTHER SPRITES RIGHT
1B62- 9D 07 02  2570                     STA MOTHERX,X
1B65- 90 05     2580                     BCC .02
1B67- A9 01     2590                     LDA #$01
1B69- 9D 0A 02  2600                     STA MOTHERXMSB,X
1B6C- 20 1D 1C  2610 .02                 JSR CHECK.ISSUE              IF STARTING OUT FROM EDGE,
1B6F- 88        2620                     DEY                          ADJUST SPRITES SO THEY COME
1B70- 10 E2     2630                     BPL .03                      OUT IN SEQUENTIAL ORDER
1B72- 60        2640                     RTS
1B73- A0 02     2650 .01                 LDY #$02
1B75- BE ED 1C  2660 .05                 LDX MOTHER.SPRITES.L,Y
1B78- BD 3C 02  2670                     LDA STOP.MOVE.FLAG,X
1B7B- D0 10     2680                     BNE .04
1B7D- BD 07 02  2690                     LDA MOTHERX,X
1B80- 38        2700                     SEC
1B81- E9 01     2710                     SBC #$01                     MOVE MOTHER SPRITES LEFT
1B83- 9D 07 02  2720                     STA MOTHERX,X
1B86- B0 05     2730                     BCS .04
1B88- A9 00     2740                     LDA #$00
1B8A- 9D 0A 02  2750                     STA MOTHERXMSB,X
1B8D- 20 1D 1C  2760 .04                 JSR CHECK.ISSUE              START FROM EDGE IN ORDER
1B90- 88        2770                     DEY
1B91- 10 E2     2780                     BPL .05
1B93- 60        2790                     RTS
                2800 *--------------------------------
1B94- AD 21 02  2810 MOTHER.Y1           LDA MOTHER.MOVE.FLAG         DELAY
1B97- 49 01     2820                     EOR #$01
1B99- 8D 21 02  2830                     STA MOTHER.MOVE.FLAG
1B9C- D0 34     2840                     BNE .13
1B9E- A2 02     2850                     LDX #$02
1BA0- BD 3C 02  2860 .10                 LDA STOP.MOVE.FLAG,X
1BA3- D0 07     2870                     BNE .15
1BA5- BD 04 02  2880                     LDA MOTHERY,X
1BA8- C9 38     2890                     CMP #$38                     CHECK TOP OF SINE WAVE
1BAA- F0 2E     2900                     BEQ .01                      IF THERE, MOVE DOWN
1BAC- CA        2910 .15                 DEX                          CHECK ALL SPRITES, SINCE SOME
1BAD- 10 F1     2920                     BPL .10                      MAY BE OFF OF SCREEN
1BAF- A2 02     2930                     LDX #$02
1BB1- BD 3C 02  2940 .11                 LDA STOP.MOVE.FLAG,X
1BB4- D0 07     2950                     BNE .16
1BB6- BD 04 02  2960                     LDA MOTHERY,X
1BB9- C9 48     2970                     CMP #$48                     CHECK BOTTOM OF SINE WAVE
1BBB- F0 1D     2980                     BEQ .01
1BBD- CA        2990 .16                 DEX
1BBE- 10 F1     3000                     BPL .11
1BC0- A2 02     3010                     LDX #$02
1BC2- AD 11 02  3020 .03                 LDA SINE.Y                   CHECK IF UP OR DOWN
1BC5- D0 0C     3030                     BNE .02                      0=UP
1BC7- BD 3C 02  3040 .12                 LDA STOP.MOVE.FLAG,X
1BCA- D0 03     3050                     BNE .14
1BCC- DE 04 02  3060                     DEC MOTHERY,X                MOVE MOTHER SPRITES UP
1BCF- CA        3070 .14                 DEX
1BD0- 10 F5     3080                     BPL .12
1BD2- 60        3090 .13                 RTS
1BD3- FE 04 02  3100 .02                 INC MOTHERY,X                MOVE MOTHER SPRITES DOWN
1BD6- CA        3110                     DEX
1BD7- 10 FA     3120                     BPL .02
1BD9- 60        3130                     RTS
1BDA- AD 11 02  3140 .01                 LDA SINE.Y
1BDD- 49 01     3150                     EOR #$01                     CHANGE DIRECTION
1BDF- 8D 11 02  3160                     STA SINE.Y
1BE2- A2 02     3170                     LDX #$02
1BE4- 4C C2 1B  3180                     JMP .03
                3190 *--------------------------------
1BE7- AD 01 02  3200 MOTHER.Y2           LDA MOTHER.DIR               LEFT OR RIGHT?
1BEA- D0 19     3210                     BNE .01
1BEC- AD 08 02  3220                     LDA MOTHERX+1
1BEF- C9 B0     3230                     CMP #$B0                     CHECK FOR MIDDLE OF SCREEN
1BF1- 90 11     3240                     BCC .02
1BF3- C9 D0     3250                     CMP #$D0                     CHECK IF MOTHER OFF SCREEN
1BF5- D0 05     3260                     BNE .03
1BF7- A9 00     3270                     LDA #$00
1BF9- 8D 03 02  3280                     STA MOTHER.STATUS            BUILD NEW MOTHER
1BFC- A2 02     3290 .03                 LDX #$02
1BFE- DE 04 02  3300 .04                 DEC MOTHERY,X                MOVE MOTHER UP
1C01- CA        3310                     DEX
1C02- 10 FA     3320                     BPL .04
1C04- 60        3330 .02                 RTS
1C05- AD 0A 02  3340 .01                 LDA MOTHERXMSB               MOVING LEFT
1C08- D0 FA     3350                     BNE .02
1C0A- AD 07 02  3360                     LDA MOTHERX
1C0D- C9 B0     3370                     CMP #$B0                     CHECK FOR MIDDLE
1C0F- B0 F3     3380                     BCS .02
1C11- C9 90     3390                     CMP #$90                     CHECK IF MOTHER OFF SCREEN
1C13- D0 E7     3400                     BNE .03
1C15- A9 00     3410                     LDA #$00
1C17- 8D 03 02  3420                     STA MOTHER.STATUS            IF SO, BUILD NEW MOTHER
1C1A- 4C FC 1B  3430                     JMP .03                      OTHERWISE, MOVE UP
                3440 *--------------------------------
                3450 * IF MOTHER, CONTROL ISSUE OF SPRITES
                3460 *--------------------------------
1C1D- AD 12 02  3470 CHECK.ISSUE         LDA SATELLITE.FLAG           CHECK IF A SATELLITE
1C20- D0 16     3480                     BNE .01
1C22- AD 01 02  3490                     LDA MOTHER.DIR               LEFT OR RIGHT?
1C25- D0 12     3500                     BNE .02                      0=RIGHT
1C27- BE EA 1C  3510                     LDX MOTHER.SPRITES.R,Y
1C2A- BD 0A 02  3520                     LDA MOTHERXMSB,X
1C2D- D0 09     3530                     BNE .01                      IF XMSB SET, THEN NOT AT EDGE
1C2F- BD 07 02  3540                     LDA MOTHERX,X
1C32- C9 09     3550                     CMP #$09                     ISSUE SPRITE EVERY 8 POSITIONS
1C34- B0 02     3560                     BCS .01
1C36- 68        3570 .03                 PLA                          PULL RETURN ADDRESS, SO OTHER
1C37- 68        3580                     PLA                          SPRITES WON'T MOVE OUT
1C38- 60        3590 .01                 RTS
1C39- BE ED 1C  3600 .02                 LDX MOTHER.SPRITES.L,Y       IF HERE, MOVING LEFT
1C3C- BD 0A 02  3610                     LDA MOTHERXMSB,X
1C3F- F0 F7     3620                     BEQ .01                      IF XMSB CLEAR, NOT AT EDGE
1C41- BD 07 02  3630                     LDA MOTHERX,X
1C44- C9 50     3640                     CMP #$50                     EDGE AT $48, ISSUE EVERY 8 POS
1C46- 90 F0     3650                     BCC .01                      IF <, MOVE OTHER SPRITES
1C48- 4C 36 1C  3660                     JMP .03                      OTHERWISE, PULL RETURN ADDRESS
                3670 *--------------------------------
                3680 * CHECKS FOR MOTHER KILL
                3690 *--------------------------------
1C4B- AD 2D 02  3700 MOTHER.COLLISION    LDA MOTHER.KILL.FLAG         ALREADY EXPLODING?
1C4E- D0 28     3710                     BNE .04
1C50- A5 69     3720                     LDA TOP.COLLIDE              GET COLLISION DATA
1C52- A0 00     3730                     LDY #$00
1C54- 84 69     3740                     STY TOP.COLLIDE
1C56- 6A        3750                     ROR
1C57- 6A        3760                     ROR
1C58- 90 1D     3770                     BCC .01                      IS SHOT HIT?
1C5A- 6A        3780                     ROR
1C5B- 6A        3790                     ROR
1C5C- 6A        3800                     ROR
1C5D- A2 03     3810                     LDX #$03
1C5F- 6A        3820 .03                 ROR
1C60- B0 04     3830                     BCS .02
1C62- CA        3840                     DEX
1C63- D0 FA     3850                     BNE .03
1C65- 60        3860                     RTS
1C66- A9 01     3870 .02                 LDA #$01
1C68- 8D 2D 02  3880                     STA MOTHER.KILL.FLAG         START MOTHER KILL SEQUENCE
1C6B- A9 28     3890                     LDA #BLPSND
1C6D- 8D 45 02  3900                     STA BLOWUP.SND
1C70- A9 00     3910                     LDA #$00
1C72- 8D 20 02  3920                     STA MOTHER.FLAG              SO SAUCER WON'T DROP
1C75- 68        3930                     PLA                          PULL RETURN ADDRESS, STOP MOV.
1C76- 68        3940                     PLA
1C77- 60        3950 .01                 RTS
1C78- AD 2E 02  3960 .04                 LDA MOTHER.KILL.COUNT        COUNTS EXPLOSION PICS
1C7B- D0 2D     3970                     BNE .05
1C7D- AD 12 02  3980                     LDA SATELLITE.FLAG           IF SATELLITE MOVE FRONT SPRITE
1C80- F0 08     3990                     BEQ .08
1C82- A9 00     4000                     LDA #$00
1C84- 8D 05 02  4010                     STA MOTHERY+1
1C87- 4C AA 1C  4020                     JMP .05
1C8A- AD 08 02  4030 .08                 LDA MOTHERX+1
1C8D- 18        4040                     CLC
1C8E- 69 10     4050                     ADC #$10                     SPLIT MOTHER INTO THREE PARTS
1C90- 8D 08 02  4060                     STA MOTHERX+1
1C93- 90 05     4070                     BCC .06
1C95- A9 01     4080                     LDA #$01
1C97- 8D 0B 02  4090                     STA MOTHERXMSB+1
1C9A- AD 07 02  4100 .06                 LDA MOTHERX
1C9D- 38        4110                     SEC
1C9E- E9 10     4120                     SBC #$10
1CA0- 8D 07 02  4130                     STA MOTHERX
1CA3- B0 05     4140                     BCS .05
1CA5- A9 00     4150                     LDA #$00
1CA7- 8D 0A 02  4160                     STA MOTHERXMSB
1CAA- AE 2E 02  4170 .05                 LDX MOTHER.KILL.COUNT        GET EXPLOSION PIC INDEX
1CAD- E0 05     4180                     CPX #$05
1CAF- F0 12     4190                     BEQ .07
1CB1- BD E5 1C  4200                     LDA MOTHER.EXPLOSION,X       GET EXPLOSION PIC
1CB4- 8D 0D 02  4210                     STA MOTHER.SPRITE            UPDATE SPRITES
1CB7- 8D 0E 02  4220                     STA MOTHER.SPRITE+1
1CBA- 8D 0F 02  4230                     STA MOTHER.SPRITE+2
1CBD- EE 2E 02  4240                     INC MOTHER.KILL.COUNT        POINT TO NEXT PIC
1CC0- 68        4250                     PLA                          DON'T MOVE MOTHER
1CC1- 68        4260                     PLA
1CC2- 60        4270                     RTS
1CC3- A9 00     4280 .07                 LDA #$00                     0 ALL FLAGS FOR REBUILDING
1CC5- 8D 2E 02  4290                     STA MOTHER.KILL.COUNT        AND PULL SPRITES OFF SCREEN
1CC8- 8D 2D 02  4300                     STA MOTHER.KILL.FLAG
1CCB- 8D 03 02  4310                     STA MOTHER.STATUS
1CCE- 8D 04 02  4320                     STA MOTHERY
1CD1- 8D 05 02  4330                     STA MOTHERY+1
1CD4- 8D 06 02  4340                     STA MOTHERY+2
1CD7- 85 4E     4350                     STA SCORE.TEMP               WORTH 200 POINTS
1CD9- 85 50     4360                     STA SCORE.TEMP+2
1CDB- A9 02     4370                     LDA #$02
1CDD- 85 4F     4380                     STA SCORE.TEMP+1
1CDF- 20 60 0F  4390                     JSR DO.SCORE.ADD
1CE2- 68        4400                     PLA                          DON'T MOVE!
1CE3- 68        4410                     PLA
1CE4- 60        4420                     RTS
                4430 *--------------------------------
                4440 * TABLE FOR MOTHER EXPLOSION
                4450 *--------------------------------
1CE5- C8 3B C6
1CE8- 3C 3D     4460 MOTHER.EXPLOSION    .HS C83BC63C3D
                4470 *--------------------------------
                4480 * INDEX TABLE
                4490 *--------------------------------
1CEA- 00 02 01  4500 MOTHER.SPRITES.R    .HS 000201
1CED- 01 02 00  4510 MOTHER.SPRITES.L    .HS 010200
                4520 *--------------------------------
                4530 * UPDATES SAUCER
                4540 *--------------------------------
1CF0- CE 2C 02  4550 DO.SAUCER           DEC SAUCER.DELAY             DELAY FOR SAUCER ISSUE
1CF3- D0 69     4560                     BNE .01
1CF5- AD 1F 02  4570                     LDA SAUCER.COUNT             MAX OF 2 ON SCREEN AT ONE TIME
1CF8- C9 02     4580                     CMP #$02
1CFA- F0 62     4590                     BEQ .01
1CFC- AD 20 02  4600                     LDA MOTHER.FLAG              CHECK IF MOTHER ON SCREEN
1CFF- F0 5D     4610                     BEQ .01
1D01- AD 06 02  4620                     LDA MOTHERY+2                MAKE SURE MOTHER IS OFF EDGE
1D04- C9 30     4630                     CMP #$30
1D06- 90 56     4640                     BCC .01
1D08- AD 0C 02  4650                     LDA MOTHERXMSB+2
1D0B- D0 09     4660                     BNE .04
1D0D- AD 09 02  4670                     LDA MOTHERX+2
1D10- C9 18     4680                     CMP #$18
1D12- 90 4A     4690                     BCC .01
1D14- B0 07     4700                     BCS .05
1D16- AD 09 02  4710 .04                 LDA MOTHERX+2
1D19- C9 48     4720                     CMP #$48
1D1B- B0 41     4730                     BCS .01
1D1D- A2 01     4740 .05                 LDX #$01                     INDEX FOR SAUCERS
1D1F- BD 13 02  4750 .03                 LDA SAUCER.STATUS,X          IS SAUCER ALREADY ON SCREEN?
1D22- D0 37     4760                     BNE .02
1D24- FE 13 02  4770                     INC SAUCER.STATUS,X          NO, SO BUILD ONE. FLAG ON!
1D27- A9 00     4780                     LDA #$00
1D29- 9D 1D 02  4790                     STA SAUCER.INDEX,X           0 INDEX AND FRACTIONS
1D2C- 9D 26 02  4800                     STA SAUCER.XFRAC,X
1D2F- 9D 28 02  4810                     STA SAUCER.YFRAC,X
1D32- A5 66     4820                     LDA RANDOM.NUMBER            GET A RANDOM XVELOCITY
1D34- 29 3F     4830                     AND #$3F
1D36- 18        4840                     CLC
1D37- 69 60     4850                     ADC #$60
1D39- 9D 22 02  4860                     STA SAUCER.XVEL,X
1D3C- A9 96     4870                     LDA #$96                     SET UP STARTING YVELOCITY
1D3E- 9D 24 02  4880                     STA SAUCER.YVEL,X
1D41- 20 65 1D  4890                     JSR SAUCER.INIT              GET STARTING POSITIONS
1D44- A5 05     4900                     LDA TEMP1                    UPDATE POSITION VARIABLES
1D46- 9D 1B 02  4910                     STA SAUCER.SPRITE,X
1D49- A5 06     4920                     LDA TEMP2
1D4B- 9D 17 02  4930                     STA SAUCERX,X
1D4E- A5 07     4940                     LDA TEMP3
1D50- 9D 19 02  4950                     STA SAUCERXMSB,X
1D53- A5 08     4960                     LDA TEMP4
1D55- 9D 15 02  4970                     STA SAUCERY,X
1D58- 4C 5E 1D  4980                     JMP .01                      DON'T ISSUE NEXT SAUCER
1D5B- CA        4990 .02                 DEX                          CHECK NEXT SAUCER
1D5C- 10 C1     5000                     BPL .03
1D5E- 20 82 1D  5010 .01                 JSR MOVE.SAUCER              MOVE SAUCERS
1D61- 20 6F 1F  5020                     JSR SAUCER.COLLISION         CHECK FOR COLLISIONS
1D64- 60        5030                     RTS
                5040 *--------------------------------
                5050 * TEMP1=SAUCER.SPRITE TEMP4=SAUCERYPOS
                5060 * TEMP2=SAUCERXPOS
                5070 * TEMP3=SAUCERXMSB    ALL ON EXIT....
                5080 *--------------------------------
1D65- EE 1F 02  5090 SAUCER.INIT         INC SAUCER.COUNT             MAX OF TWO ON SCREEN
1D68- A0 00     5100                     LDY #$00
1D6A- B9 6C 1F  5110                     LDA SAUCER.DROP,Y            GET FIRST DROPPING PICTURE
1D6D- 85 05     5120                     STA TEMP1
1D6F- AD 09 02  5130                     LDA MOTHERX+2                DROP FROM MIDDLE MOTHER SPRITE
1D72- 85 06     5140                     STA TEMP2
1D74- AD 0C 02  5150                     LDA MOTHERXMSB+2
1D77- 85 07     5160                     STA TEMP3
1D79- AD 06 02  5170                     LDA MOTHERY+2
1D7C- 18        5180                     CLC
1D7D- 69 10     5190                     ADC #$10                     DROP FROM BELOW MOTHER
1D7F- 85 08     5200                     STA TEMP4
1D81- 60        5210                     RTS
                5220 *--------------------------------
                5230 * MOVES SAUCER1
                5240 *--------------------------------
1D82- A2 01     5250 MOVE.SAUCER         LDX #$01
1D84- BD 13 02  5260 .07                 LDA SAUCER.STATUS,X          CHECK IF SAUCER ON SCREEN
1D87- D0 03     5270                     BNE .01
1D89- 4C 4C 1E  5280 .03                 JMP .02
1D8C- BD 2F 02  5290 .01                 LDA SAUCER.KILL.FLAG,X
1D8F- D0 F8     5300                     BNE .03
1D91- BD 15 02  5310                     LDA SAUCERY,X                CHECK IF STILL DROPPING
1D94- C9 68     5320                     CMP #$68
1D96- B0 24     5330                     BCS .04
1D98- BD 2A 02  5340                     LDA SAUCER.UP.DELAY,X
1D9B- 49 01     5350                     EOR #$01
1D9D- 9D 2A 02  5360                     STA SAUCER.UP.DELAY,X
1DA0- D0 E7     5370                     BNE .03
1DA2- FE 15 02  5380                     INC SAUCERY,X                MOVE DOWN ONE POSITION
1DA5- FE 1D 02  5390                     INC SAUCER.INDEX,X           INC PICTURE INDEX
1DA8- BC 1D 02  5400                     LDY SAUCER.INDEX,X
1DAB- C0 03     5410                     CPY #$03                     CHECK IF END OF TABLE
1DAD- D0 06     5420                     BNE .05
1DAF- A9 00     5430                     LDA #$00                     IF SO, MOVE TO BEGINNING
1DB1- 9D 1D 02  5440                     STA SAUCER.INDEX,X
1DB4- A8        5450                     TAY
1DB5- B9 6C 1F  5460 .05                 LDA SAUCER.DROP,Y            GET NEW PICTURE
1DB8- 9D 1B 02  5470                     STA SAUCER.SPRITE,X          UPDATE SPRITE
1DBB- 60        5480                     RTS
1DBC- BD 22 02  5490 .04                 LDA SAUCER.XVEL,X            SENDS PARAMETERS TO SUBROUTINE
1DBF- 85 05     5500                     STA TEMP1                    AND UPDATES NEW VALUES........
1DC1- BD 24 02  5510                     LDA SAUCER.YVEL,X
1DC4- 85 06     5520                     STA TEMP2
1DC6- BD 17 02  5530                     LDA SAUCERX,X
1DC9- 85 07     5540                     STA TEMP3
1DCB- BD 19 02  5550                     LDA SAUCERXMSB,X
1DCE- 85 08     5560                     STA TEMP4
1DD0- BD 15 02  5570                     LDA SAUCERY,X
1DD3- 85 09     5580                     STA TEMP5
1DD5- 20 53 1E  5590                     JSR SAUCER.MOVER
1DD8- A5 05     5600                     LDA TEMP1
1DDA- 9D 22 02  5610                     STA SAUCER.XVEL,X
1DDD- A5 06     5620                     LDA TEMP2
1DDF- 9D 24 02  5630                     STA SAUCER.YVEL,X
1DE2- BD 17 02  5640                     LDA SAUCERX,X
1DE5- 85 06     5650                     STA TEMP2
1DE7- BD 19 02  5660                     LDA SAUCERXMSB,X
1DEA- 85 07     5670                     STA TEMP3
1DEC- BD 26 02  5680                     LDA SAUCER.XFRAC,X
1DEF- 85 08     5690                     STA TEMP4
1DF1- 20 CF 1E  5700                     JSR CALC.SAUCER.POS
1DF4- A5 06     5710                     LDA TEMP2
1DF6- 9D 17 02  5720                     STA SAUCERX,X
1DF9- A5 07     5730                     LDA TEMP3
1DFB- 9D 19 02  5740                     STA SAUCERXMSB,X
1DFE- A5 08     5750                     LDA TEMP4
1E00- 9D 26 02  5760                     STA SAUCER.XFRAC,X
1E03- BD 24 02  5770                     LDA SAUCER.YVEL,X
1E06- 85 05     5780                     STA TEMP1
1E08- BD 15 02  5790                     LDA SAUCERY,X
1E0B- 85 06     5800                     STA TEMP2
1E0D- A9 00     5810                     LDA #$00
1E0F- 85 07     5820                     STA TEMP3
1E11- BD 28 02  5830                     LDA SAUCER.YFRAC,X
1E14- 85 08     5840                     STA TEMP4
1E16- 20 CF 1E  5850                     JSR CALC.SAUCER.POS
1E19- A5 06     5860                     LDA TEMP2
1E1B- 9D 15 02  5870                     STA SAUCERY,X
1E1E- A5 08     5880                     LDA TEMP4
1E20- 9D 28 02  5890                     STA SAUCER.YFRAC,X
1E23- BD 17 02  5900                     LDA SAUCERX,X
1E26- 85 07     5910                     STA TEMP3
1E28- BD 19 02  5920                     LDA SAUCERXMSB,X
1E2B- 85 08     5930                     STA TEMP4
1E2D- BD 15 02  5940                     LDA SAUCERY,X
1E30- 85 09     5950                     STA TEMP5
1E32- 20 1E 1F  5960                     JSR CHECK.BORDERS
1E35- A5 07     5970                     LDA TEMP3
1E37- 9D 17 02  5980                     STA SAUCERX,X
1E3A- A5 09     5990                     LDA TEMP5
1E3C- 9D 15 02  6000                     STA SAUCERY,X
1E3F- 85 05     6010                     STA TEMP1
1E41- 20 4C 1F  6020                     JSR UPDATE.SAUCER
1E44- A4 06     6030                     LDY TEMP2
1E46- B9 64 1F  6040                     LDA SAUCER.PIC.TABLE,Y
1E49- 9D 1B 02  6050                     STA SAUCER.SPRITE,X
1E4C- CA        6060 .02                 DEX
1E4D- 30 03     6070                     BMI .06
1E4F- 4C 84 1D  6080                     JMP .07
1E52- 60        6090 .06                 RTS
                6100 *--------------------------------
                6110 * TEMP1=SAUCERXVEL   THIS ROUTINE
                6120 * TEMP2=SAUCERYVEL   MOVES THE
                6130 * TEMP3=SAUCERXPOS   SAUCER.....
                6140 * TEMP4=SAUCERXMSB
                6150 * TEMP5=SAUCERYPOS
                6160 *--------------------------------
1E53- A4 6E     6170 SAUCER.MOVER        LDY PLANET.COLOR
1E55- B9 E2 1A  6180                     LDA SAUCER.VEL.TBL,Y
1E58- 85 0C     6190                     STA TEMP8                    FINDS OFFSET VALUE FOR VEL
1E5A- A5 08     6200                     LDA TEMP4                    CHECK XMSB
1E5C- CD 34 02  6210                     CMP OLDSHIPX+1
1E5F- D0 1B     6220                     BNE .01
1E61- A5 07     6230                     LDA TEMP3                    ADD OR SUBTRACT FROM VELOCITY
1E63- CD 33 02  6240                     CMP OLDSHIPX                 TO AIM TOWARDS THE SHIP'S OLD
1E66- 90 0A     6250                     BCC .02                      XPOS.......
1E68- A5 05     6260 .03                 LDA TEMP1
1E6A- 38        6270                     SEC
1E6B- E5 0C     6280                     SBC TEMP8
1E6D- 85 05     6290                     STA TEMP1
1E6F- 4C 82 1E  6300                     JMP MOVE.SAUCERY
1E72- A5 05     6310 .02                 LDA TEMP1
1E74- 18        6320                     CLC
1E75- 65 0C     6330                     ADC TEMP8
1E77- 85 05     6340                     STA TEMP1
1E79- 4C 82 1E  6350                     JMP MOVE.SAUCERY
1E7C- A5 08     6360 .01                 LDA TEMP4
1E7E- D0 E8     6370                     BNE .03
1E80- F0 F0     6380                     BEQ .02
1E82- A5 19     6390 MOVE.SAUCERY        LDA GROUND.SPEED
1E84- 4A        6400                     LSR
1E85- 4A        6410                     LSR
1E86- 4A        6420                     LSR
1E87- 4A        6430                     LSR
1E88- 18        6440                     CLC
1E89- 69 01     6450                     ADC #$01
1E8B- 85 0C     6460                     STA TEMP8
1E8D- A5 09     6470                     LDA TEMP5                    ADD OR SUBTRACT Y VELOCITY
1E8F- C9 8C     6480                     CMP #$8C
1E91- 90 0A     6490                     BCC .01
1E93- A5 06     6500                     LDA TEMP2
1E95- 38        6510                     SEC
1E96- E5 0C     6520                     SBC TEMP8
1E98- 85 06     6530                     STA TEMP2
1E9A- 4C AA 1E  6540                     JMP .02
1E9D- A5 09     6550 .01                 LDA TEMP5
1E9F- C9 84     6560                     CMP #$84
1EA1- B0 07     6570                     BCS .02
1EA3- A5 06     6580                     LDA TEMP2
1EA5- 18        6590                     CLC
1EA6- 65 0C     6600                     ADC TEMP8
1EA8- 85 06     6610                     STA TEMP2
1EAA- A5 05     6620 .02                 LDA TEMP1                    CHECK VELOCITY LIMITS
1EAC- C9 14     6630                     CMP #$14
1EAE- B0 04     6640                     BCS .03
1EB0- A9 14     6650                     LDA #$14
1EB2- 85 05     6660                     STA TEMP1
1EB4- C9 EB     6670 .03                 CMP #$EB
1EB6- 90 04     6680                     BCC .04
1EB8- A9 EB     6690                     LDA #$EB
1EBA- 85 05     6700                     STA TEMP1
1EBC- A5 06     6710 .04                 LDA TEMP2
1EBE- C9 14     6720                     CMP #$14
1EC0- B0 04     6730                     BCS .05
1EC2- A9 14     6740                     LDA #$14
1EC4- 85 06     6750                     STA TEMP2
1EC6- C9 EB     6760 .05                 CMP #$EB
1EC8- 90 04     6770                     BCC .06
1ECA- A9 EB     6780                     LDA #$EB
1ECC- 85 06     6790                     STA TEMP2
1ECE- 60        6800 .06                 RTS
                6810 *--------------------------------
                6820 * CALCULATES SAUCER POSITION
                6830 * TEMP1=DIRECTION.VELOCITY
                6840 * TEMP2=Y OR X
                6850 * TEMP3=XMSB (IF NEEDED)
                6860 * TEMP4=FRACTION
                6870 *--------------------------------
1ECF- A9 00     6880 CALC.SAUCER.POS     LDA #$00
1ED1- 85 0C     6890                     STA TEMP8                    CLEAR TEMP FOR HIGH BYTE
1ED3- A5 05     6900                     LDA TEMP1                    GET VELOCITY
1ED5- F0 46     6910                     BEQ .01                      IF 0 NO UPDATE
1ED7- C9 80     6920                     CMP #$80
1ED9- F0 42     6930                     BEQ .01
1EDB- 38        6940                     SEC
1EDC- E9 80     6950                     SBC #$80                     SUBTRACT 128
1EDE- B0 05     6960                     BCS .03
1EE0- 49 FF     6970                     EOR #$FF                     IF NEGATIVE, GET ABS VALUE
1EE2- 18        6980                     CLC
1EE3- 69 01     6990                     ADC #$01
1EE5- 0A        7000 .03                 ASL                          MULTIPLY BY 8
1EE6- 26 0C     7010                     ROL TEMP8
1EE8- 0A        7020                     ASL
1EE9- 26 0C     7030                     ROL TEMP8
1EEB- 0A        7040                     ASL
1EEC- 26 0C     7050                     ROL TEMP8
1EEE- 85 0B     7060                     STA TEMP7                    TEMP 7,8 CONTAIN AMOUNT ADDED
1EF0- A5 05     7070                     LDA TEMP1                    OR SUBTRACTED FROM OLD XPOS
1EF2- C9 80     7080                     CMP #$80
1EF4- 90 14     7090                     BCC .02
1EF6- 18        7100                     CLC
1EF7- A5 08     7110                     LDA TEMP4                    OLD FRACTION
1EF9- 65 0B     7120                     ADC TEMP7                    PLUS FRACTION OFFSET
1EFB- 85 08     7130                     STA TEMP4
1EFD- A5 06     7140                     LDA TEMP2                    OLD WHOLE #
1EFF- 65 0C     7150                     ADC TEMP8                    PLUS WHOLE # OFFSET
1F01- 85 06     7160                     STA TEMP2
1F03- A9 00     7170                     LDA #$00
1F05- 65 07     7180                     ADC TEMP3                    CHECK FOR XMSB
1F07- 85 07     7190                     STA TEMP3
1F09- 60        7200                     RTS
1F0A- 38        7210 .02                 SEC
1F0B- A5 08     7220                     LDA TEMP4                    OLD FRACTION
1F0D- E5 0B     7230                     SBC TEMP7                    MINUS FRACTION OFFSET
1F0F- 85 08     7240                     STA TEMP4
1F11- A5 06     7250                     LDA TEMP2                    OLD WHOLE #
1F13- E5 0C     7260                     SBC TEMP8                    MINUS WHOLE # OFFSET
1F15- 85 06     7270                     STA TEMP2
1F17- A5 07     7280                     LDA TEMP3                    CHECK FOR XMSB
1F19- E9 00     7290                     SBC #$00
1F1B- 85 07     7300                     STA TEMP3
1F1D- 60        7310 .01                 RTS                          TEMPS 2,3,4 HAVE BEEN UPDATED
                7320 *--------------------------------
                7330 * CHECKS SCREEN BORDERS
                7340 *--------------------------------
1F1E- A5 08     7350 CHECK.BORDERS       LDA TEMP4                    CHECK HORIZONTAL AND VERTICAL
1F20- D0 0C     7360                     BNE .01                      SCREEN BORDERS...
1F22- A5 07     7370                     LDA TEMP3
1F24- C9 19     7380                     CMP #$19
1F26- B0 10     7390                     BCS .02
1F28- A9 18     7400                     LDA #$18
1F2A- 85 07     7410                     STA TEMP3
1F2C- D0 0A     7420                     BNE .02
1F2E- A5 07     7430 .01                 LDA TEMP3
1F30- C9 49     7440                     CMP #$49
1F32- 90 04     7450                     BCC .02
1F34- A9 48     7460                     LDA #$48
1F36- 85 07     7470                     STA TEMP3
1F38- A5 09     7480 .02                 LDA TEMP5
1F3A- C9 68     7490                     CMP #$68
1F3C- B0 05     7500                     BCS .03
1F3E- A9 68     7510                     LDA #$68
1F40- 85 09     7520                     STA TEMP5
1F42- 60        7530                     RTS
1F43- C9 A5     7540 .03                 CMP #$A5
1F45- 90 04     7550                     BCC .04
1F47- A9 A4     7560                     LDA #$A4
1F49- 85 09     7570                     STA TEMP5
1F4B- 60        7580 .04                 RTS
                7590 *--------------------------------
                7600 * UPDATES SAUCER SPRITE
                7610 * TEMP1=SAUCERYPOS
                7620 * TEMP2=SAUCER.SPRITE.INDEX
                7630 *--------------------------------
1F4C- A0 00     7640 UPDATE.SAUCER       LDY #$00
1F4E- A5 05     7650                     LDA TEMP1
1F50- D9 5D 1F  7660 .02                 CMP UPDATE.TBL,Y
1F53- 90 05     7670                     BCC .01
1F55- C8        7680                     INY
1F56- C0 07     7690                     CPY #$07
1F58- D0 F6     7700                     BNE .02
1F5A- 84 06     7710 .01                 STY TEMP2
1F5C- 60        7720                     RTS
                7730 *--------------------------------
                7740 * YPOS CHECKS FOR PIC UPDATE
                7750 *--------------------------------
1F5D- 70 78 80
1F60- 88 90 98
1F63- 9E        7760 UPDATE.TBL          .HS 7078808890989E
                7770 *--------------------------------
                7780 * SAUCER SHAPE TABLE
                7790 *--------------------------------
1F64- A9 A8 A7
1F67- A6 A5 A4
1F6A- A3 A2     7800 SAUCER.PIC.TABLE    .HS A9A8A7A6A5A4A3A2         SAUCER DOWN ON PLANET
1F6C- 47 48 49  7810 SAUCER.DROP         .HS 474849                   SAUCER DROPPING WITH FLAME
                7820 *--------------------------------
                7830 * CHECKS SAUCER COLLISION
                7840 *--------------------------------
1F6F- AD 2F 02  7850 SAUCER.COLLISION    LDA SAUCER.KILL.FLAG
1F72- F0 03     7860                     BEQ .15
1F74- 4C 0F 20  7870                     JMP .01
1F77- AD 30 02  7880 .15                 LDA SAUCER.KILL.FLAG+1
1F7A- F0 03     7890                     BEQ .16
1F7C- 4C 34 20  7900                     JMP .05
1F7F- A5 69     7910 .16                 LDA TOP.COLLIDE              GET COLLISION DATA
1F81- 05 6A     7920                     ORA MID.COLLIDE
1F83- AA        7930                     TAX
1F84- 6A        7940                     ROR
1F85- 6A        7950                     ROR
1F86- 90 08     7960                     BCC .02                      SHOT HIT ANYTHING?
1F88- 8A        7970                     TXA                          GET BACK ORIGINAL DATA
1F89- 6A        7980                     ROR
1F8A- B0 05     7990                     BCS .03                      SPRITE 0=SAUCER 1
1F8C- 6A        8000                     ROR
1F8D- 6A        8010                     ROR
1F8E- B0 40     8020                     BCS .04                      SPRITE 2=SAUCER 2
1F90- 60        8030 .02                 RTS
1F91- AD 15 02  8040 .03                 LDA SAUCERY                  CHECK IF SAUCERS COLLIDE
1F94- 38        8050                     SEC                          WITH EACH OTHER..
1F95- E5 DF     8060                     SBC SHOTY                    CHECK IF ANOTHER OBJECT WAS
1F97- B0 05     8070                     BCS .09                      ACTUALLY HIT BY SHOT
1F99- 49 FF     8080                     EOR #$FF
1F9B- 18        8090                     CLC
1F9C- 69 01     8100                     ADC #$01
1F9E- C9 10     8110 .09                 CMP #$10
1FA0- B0 EE     8120                     BCS .02
1FA2- AD 19 02  8130                     LDA SAUCERXMSB
1FA5- C5 DE     8140                     CMP SHOTX+1
1FA7- D0 E7     8150                     BNE .02
1FA9- AD 17 02  8160                     LDA SAUCERX
1FAC- 38        8170                     SEC
1FAD- E5 DD     8180                     SBC SHOTX
1FAF- B0 05     8190                     BCS .13
1FB1- 49 FF     8200                     EOR #$FF
1FB3- 18        8210                     CLC
1FB4- 69 01     8220                     ADC #$01
1FB6- C9 10     8230 .13                 CMP #$10
1FB8- B0 D6     8240                     BCS .02
1FBA- A9 00     8250                     LDA #$00                     MOVE SHOT OFF SCREEN
1FBC- 85 DF     8260                     STA SHOTY
1FBE- 85 A3     8270                     STA SHOT.STATUS
1FC0- 85 AB     8280                     STA SHOT.COUNT
1FC2- 8D 0B D4  8290                     STA SCNTRL.2
1FC5- A9 28     8300                     LDA #BLPSND
1FC7- 8D 45 02  8310                     STA BLOWUP.SND
1FCA- A9 01     8320                     LDA #$01
1FCC- 8D 2F 02  8330                     STA SAUCER.KILL.FLAG         START KILLING SAUCER1
1FCF- 60        8340                     RTS
1FD0- AD 16 02  8350 .04                 LDA SAUCERY+1
1FD3- 38        8360                     SEC
1FD4- E5 DF     8370                     SBC SHOTY
1FD6- B0 05     8380                     BCS .10
1FD8- 49 FF     8390                     EOR #$FF
1FDA- 18        8400                     CLC
1FDB- 69 01     8410                     ADC #$01
1FDD- C9 10     8420 .10                 CMP #$10
1FDF- B0 AF     8430                     BCS .02
1FE1- AD 1A 02  8440                     LDA SAUCERXMSB+1
1FE4- C5 DE     8450                     CMP SHOTX+1
1FE6- D0 A8     8460                     BNE .02
1FE8- AD 18 02  8470                     LDA SAUCERX+1
1FEB- 38        8480                     SEC
1FEC- E5 DD     8490                     SBC SHOTX
1FEE- B0 05     8500                     BCS .14
1FF0- 49 FF     8510                     EOR #$FF
1FF2- 18        8520                     CLC
1FF3- 69 01     8530                     ADC #$01
1FF5- C9 10     8540 .14                 CMP #$10
1FF7- B0 97     8550                     BCS .02
1FF9- A9 00     8560                     LDA #$00                     MOVE SHOT OFF SCREEN
1FFB- 85 DF     8570                     STA SHOTY
1FFD- 85 A3     8580                     STA SHOT.STATUS
1FFF- 85 AB     8590                     STA SHOT.COUNT
2001- 8D 0B D4  8600                     STA SCNTRL.2
2004- A9 28     8610                     LDA #BLPSND
2006- 8D 45 02  8620                     STA BLOWUP.SND
2009- A9 01     8630                     LDA #$01                     START KILLING SAUCER2
200B- 8D 30 02  8640                     STA SAUCER.KILL.FLAG+1
200E- 60        8650                     RTS
200F- AE 31 02  8660 .01                 LDX SAUCER.KILL.INDEX        INDEX INTO PIC TABLE
2012- E0 04     8670                     CPX #$04                     4 EXPLOSION PICS
2014- F0 0A     8680                     BEQ .06
2016- BD 62 20  8690                     LDA SAUCER.EXPLOSION,X       GET PICTURE
2019- 8D 1B 02  8700                     STA SAUCER.SPRITE            UPDATE SPRITE
201C- EE 31 02  8710                     INC SAUCER.KILL.INDEX        POINT TO NEXT PIC
201F- 60        8720                     RTS
2020- A9 00     8730 .06                 LDA #$00
2022- 8D 31 02  8740                     STA SAUCER.KILL.INDEX        READY FOR NEW SAUCER
2025- 8D 15 02  8750                     STA SAUCERY
2028- 8D 13 02  8760                     STA SAUCER.STATUS
202B- 8D 2F 02  8770                     STA SAUCER.KILL.FLAG
202E- CE 1F 02  8780                     DEC SAUCER.COUNT             SAUCER OFF OF SCREEN
2031- 4C 56 20  8790                     JMP .08
2034- AE 32 02  8800 .05                 LDX SAUCER.KILL.INDEX+1      PIC INDEX FOR SAUCER2
2037- E0 04     8810                     CPX #$04
2039- F0 0A     8820                     BEQ .07
203B- BD 62 20  8830                     LDA SAUCER.EXPLOSION,X       GET EXPLOSION PIC
203E- 8D 1C 02  8840                     STA SAUCER.SPRITE+1          UPDATE SPRITE
2041- EE 32 02  8850                     INC SAUCER.KILL.INDEX+1      POINT TO NEXT PIC
2044- 60        8860                     RTS
2045- A9 00     8870 .07                 LDA #$00                     READY TO REBUILD SAUCER2
2047- 8D 32 02  8880                     STA SAUCER.KILL.INDEX+1
204A- 8D 16 02  8890                     STA SAUCERY+1
204D- 8D 14 02  8900                     STA SAUCER.STATUS+1
2050- 8D 30 02  8910                     STA SAUCER.KILL.FLAG+1
2053- CE 1F 02  8920                     DEC SAUCER.COUNT             SAUCER OFF OF SCREEN
2056- 85 4E     8930 .08                 STA SCORE.TEMP               SAUCER WORTH 100 POINTS
2058- 85 50     8940                     STA SCORE.TEMP+2
205A- A9 01     8950                     LDA #$01
205C- 85 4F     8960                     STA SCORE.TEMP+1
205E- 20 60 0F  8970                     JSR DO.SCORE.ADD
2061- 60        8980                     RTS
                8990 *--------------------------------
                9000 * TABLE FOR SAUCER EXPLOSION
                9010 *--------------------------------
2062- 3B 3C 3D
2065- 3E        9020 SAUCER.EXPLOSION         .HS 3B3C3D3E
                9030 *--------------------------------
                9040 * FIRE SAUCER SHOT
                9050 *--------------------------------
2066- AD 38 02  9060 FIRE.SAUCER.SHOT    LDA SAUCER.SHOT.STATUS       IS SHOT ALREADY ON SCREEN?
2069- D0 7F     9070                     BNE .01
206B- A4 6E     9080                     LDY PLANET.COLOR             GET DIFFICULTY
206D- CE 3B 02  9090                     DEC SAUCER.SHOT.DELAY
2070- D0 78     9100                     BNE .01
2072- B9 EE 21  9110                     LDA SAUC.SHOT.TIMER,Y
2075- 8D 3B 02  9120                     STA SAUCER.SHOT.DELAY
2078- AD 13 02  9130                     LDA SAUCER.STATUS
207B- 0D 14 02  9140                     ORA SAUCER.STATUS+1          IS THERE A SAUCER ON SCREEN?
207E- F0 6A     9150                     BEQ .01
2080- B9 F6 21  9160                     LDA MISS.PROBABILITY,Y       GET PROBABILITY OF MISSING
2083- 25 66     9170                     AND RANDOM.NUMBER
2085- 85 05     9180                     STA TEMP1                    SAVE FOR VELOCITY CALCS
2087- A0 01     9190                     LDY #$01
2089- 20 35 18  9200                     JSR GET.A.SPRITE             FIND AVAILABLE SPRITE
208C- AD 13 02  9210                     LDA SAUCER.STATUS            FIND LOWEST SAUCER
208F- F0 0E     9220                     BEQ .02
2091- AD 14 02  9230                     LDA SAUCER.STATUS+1
2094- F0 0D     9240                     BEQ .03
2096- AD 15 02  9250                     LDA SAUCERY
2099- 38        9260                     SEC
209A- ED 16 02  9270                     SBC SAUCERY+1
209D- B0 04     9280                     BCS .03
209F- A0 01     9290 .02                 LDY #$01
20A1- D0 02     9300                     BNE .04
20A3- A0 00     9310 .03                 LDY #$00
20A5- 20 EB 20  9320 .04                 JSR GET.SHOT.VELOCITY        GET SHOT VELOCITY (X+Y)
20A8- B9 15 02  9330                     LDA SAUCERY,Y
20AB- C9 68     9340                     CMP #$68
20AD- 90 3B     9350                     BCC .01
20AF- 18        9360                     CLC
20B0- 69 10     9370                     ADC #$10
20B2- 95 EA     9380                     STA YSPRITE,X
20B4- B9 17 02  9390                     LDA SAUCERX,Y
20B7- 95 E0     9400                     STA XSPRITE,X
20B9- B9 19 02  9410                     LDA SAUCERXMSB,Y
20BC- 95 E5     9420                     STA XMSB.SPRITE,X
20BE- A9 01     9430                     LDA #$01
20C0- 8D 38 02  9440                     STA SAUCER.SHOT.STATUS       SHOT ON SCREEN
20C3- 95 B6     9450                     STA SPRITE.STATUS,X          DON'T BUILD A REGULAR OBJECT
20C5- A9 4A     9460                     LDA #$4A                     OVER SHOT (LIKE A TOWER)
20C7- 95 BB     9470                     STA ORBIT.SPRITE,X           PUT IN SHOT PIC
20C9- A9 08     9480                     LDA #$08
20CB- 95 AC     9490                     STA OBJECT.TYPE,X            SIMULATE A MAN TO TURN OFF
20CD- 20 9A 17  9500                     JSR DO.MULTI.COLOR           MULTICOLOR AND MAKE BLACK
20D0- A9 0D     9510                     LDA #$0D                     ACTUAL SHOT OBJECT TYPE
20D2- 95 AC     9520                     STA OBJECT.TYPE,X
20D4- A9 00     9530                     LDA #$00
20D6- 8D 39 02  9540                     STA SAUCER.SHOT.XFRAC        0 FRACTIONS
20D9- 8D 3A 02  9550                     STA SAUCER.SHOT.YFRAC
20DC- 78        9560                     SEI
20DD- A9 03     9570                     LDA #SAUCER.SOUND.TBL-4
20DF- 85 EF     9580                     STA NOTE.POINTER
20E1- A9 30     9590                     LDA /SAUCER.SOUND.TBL-4
20E3- 85 F0     9600                     STA NOTE.POINTER+1
20E5- A9 01     9610                     LDA #$01
20E7- 85 F1     9620                     STA NOTE.DELAY
20E9- 58        9630                     CLI
20EA- 60        9640 .01                 RTS
                9650 *--------------------------------
                9660 * FINDS SAUCER SHOT VELOCITIES
                9670 *--------------------------------
20EB- A5 DB     9680 GET.SHOT.VELOCITY   LDA SHIPX+1
20ED- 85 07     9690                     STA TEMP3
20EF- A5 66     9700                     LDA RANDOM.NUMBER            MISS TO RIGHT OR LEFT?
20F1- C9 80     9710                     CMP #$80
20F3- 90 0F     9720                     BCC .01
20F5- A5 DA     9730                     LDA SHIPX                    MISS TO RIGHT
20F7- 18        9740                     CLC
20F8- 65 05     9750                     ADC TEMP1                    ADD RANDOM OFFSET
20FA- 85 06     9760                     STA TEMP2
20FC- 90 13     9770                     BCC .02
20FE- A9 01     9780                     LDA #$01
2100- 85 07     9790                     STA TEMP3
2102- D0 0D     9800                     BNE .02
2104- A5 DA     9810 .01                 LDA SHIPX                    MISS TO LEFT
2106- 38        9820                     SEC
2107- E5 05     9830                     SBC TEMP1                    SUBTRACT RANDOM OFFSET
2109- 85 06     9840                     STA TEMP2
210B- B0 04     9850                     BCS .02
210D- A9 00     9860                     LDA #$00
210F- 85 07     9870                     STA TEMP3
2111- A5 07     9880 .02                 LDA TEMP3                    1=SHIP TO RIGHT OF SAUCER
2113- D9 19 02  9890                     CMP SAUCERXMSB,Y
2116- F0 10     9900                     BEQ .03
2118- 90 07     9910                     BCC .04
211A- A9 01     9920 .08                 LDA #$01
211C- 8D 49 02  9930                     STA XMSB.CHECK
211F- D0 16     9940                     BNE .05
2121- A9 00     9950 .04                 LDA #$00
2123- 8D 49 02  9960                     STA XMSB.CHECK
2126- F0 0F     9970                     BEQ .05
2128- A5 06     9980 .03                 LDA TEMP2
212A- D9 17 02  9990                     CMP SAUCERX,Y
212D- D0 04     10000                     BNE .06
212F- A9 80     10010                     LDA #$80
2131- D0 41     10020                     BNE .07
2133- 90 EC     10030 .06                 BCC .04
2135- B0 E3     10040                     BCS .08
2137- A5 06     10050 .05                 LDA TEMP2                    FIND ABS OF DISTANCE
2139- 38        10060                     SEC                          BETWEEN SHIP AND SAUCER
213A- F9 17 02  10070                     SBC SAUCERX,Y
213D- 85 06     10080                     STA TEMP2
213F- A5 07     10090                     LDA TEMP3
2141- F9 19 02  10100                     SBC SAUCERXMSB,Y
2144- 85 07     10110                     STA TEMP3
2146- B0 11     10120                     BCS .09
2148- A5 06     10130                     LDA TEMP2
214A- 49 FF     10140                     EOR #$FF
214C- 18        10150                     CLC
214D- 69 01     10160                     ADC #$01
214F- 85 06     10170                     STA TEMP2
2151- A5 07     10180                     LDA TEMP3
2153- 49 FF     10190                     EOR #$FF
2155- 69 00     10200                     ADC #$00
2157- 85 07     10210                     STA TEMP3
2159- A5 07     10220 .09                 LDA TEMP3
215B- D0 2F     10230                     BNE .10                      DISTANCE MUST BE < $80
215D- A5 06     10240                     LDA TEMP2
215F- C9 80     10250                     CMP #$80
2161- B0 29     10260                     BCS .10
2163- AD 49 02  10270 .13                 LDA XMSB.CHECK
2166- D0 07     10280                     BNE .11
2168- A9 80     10290                     LDA #$80
216A- 38        10300                     SEC
216B- E5 06     10310                     SBC TEMP2
216D- D0 05     10320                     BNE .07
216F- A9 80     10330 .11                 LDA #$80
2171- 18        10340                     CLC
2172- 65 06     10350                     ADC TEMP2
2174- 8D 36 02  10360 .07                 STA SAUCER.SHOT.XVEL
2177- B9 15 02  10370                     LDA SAUCERY,Y
217A- 38        10380                     SEC
217B- E9 10     10390                     SBC #$10
217D- 85 05     10400                     STA TEMP1
217F- A9 C0     10410                     LDA #$C0
2181- 38        10420                     SEC
2182- E5 05     10430                     SBC TEMP1
2184- 18        10440                     CLC
2185- 69 80     10450                     ADC #$80
2187- 8D 37 02  10460                     STA SAUCER.SHOT.YVEL
218A- D0 02     10470                     BNE .12
218C- 68        10480 .10                 PLA
218D- 68        10490                     PLA
218E- 60        10500 .12                 RTS
                10510 *--------------------------------
                10520 * UPDATES SAUCER SHOT
                10530 *--------------------------------
218F- AD 36 02  10540 SAUCER.SHOT.UPDATE  LDA SAUCER.SHOT.XVEL         SEND PARAMETERS TO SUBROUTINES
2192- 85 05     10550                     STA TEMP1                    AND UPDATE NEW VALUES
2194- B5 E0     10560                     LDA XSPRITE,X                I'M LIMITED TO 8 SPRITES
2196- 85 06     10570                     STA TEMP2                    SO USE ONE OF THE REGULAR
2198- B5 E5     10580                     LDA XMSB.SPRITE,X            OBJECT SPRITES FOR SHOT....
219A- 85 07     10590                     STA TEMP3
219C- AD 39 02  10600                     LDA SAUCER.SHOT.XFRAC
219F- 85 08     10610                     STA TEMP4
21A1- 20 CF 1E  10620                     JSR CALC.SAUCER.POS
21A4- A5 06     10630                     LDA TEMP2
21A6- 85 CF     10640                     STA XTEMP
21A8- A5 07     10650                     LDA TEMP3
21AA- 85 D1     10660                     STA XMSBTEMP
21AC- A5 08     10670                     LDA TEMP4
21AE- 8D 39 02  10680                     STA SAUCER.SHOT.XFRAC
21B1- AD 37 02  10690                     LDA SAUCER.SHOT.YVEL
21B4- 85 05     10700                     STA TEMP1
21B6- B5 EA     10710                     LDA YSPRITE,X
21B8- 85 06     10720                     STA TEMP2
21BA- A9 00     10730                     LDA #$00
21BC- 85 07     10740                     STA TEMP3
21BE- AD 3A 02  10750                     LDA SAUCER.SHOT.YFRAC
21C1- 85 08     10760                     STA TEMP4
21C3- 20 CF 1E  10770                     JSR CALC.SAUCER.POS
21C6- A5 06     10780                     LDA TEMP2
21C8- C9 D0     10790                     CMP #$D0
21CA- B0 18     10800                     BCS .01
21CC- 85 D0     10810                     STA YTEMP
21CE- A5 08     10820                     LDA TEMP4
21D0- 8D 3A 02  10830                     STA SAUCER.SHOT.YFRAC
21D3- A5 D1     10840                     LDA XMSBTEMP
21D5- D0 07     10850                     BNE .02
21D7- A5 CF     10860                     LDA XTEMP
21D9- C9 08     10870                     CMP #$08
21DB- 90 07     10880                     BCC .01
21DD- 60        10890                     RTS
21DE- A5 CF     10900 .02                 LDA XTEMP
21E0- C9 58     10910                     CMP #$58
21E2- 90 09     10920                     BCC .03
21E4- A9 00     10930 .01                 LDA #$00
21E6- 95 B6     10940                     STA SPRITE.STATUS,X
21E8- 85 D0     10950                     STA YTEMP
21EA- 8D 38 02  10960                     STA SAUCER.SHOT.STATUS
21ED- 60        10970 .03                 RTS
                10980 *--------------------------------
                10990 * TABLES FOR SAUCER SHOT
                11000 *--------------------------------
21EE- 00 00 40
21F1- 00 00 A0
21F4- B0 80     11010 SAUC.SHOT.TIMER     .HS 0000400000A0B080
21F6- 00 00 07
21F9- 00 00 0F
21FC- 1F 0F     11020 MISS.PROBABILITY    .HS 00000700000F1F0F
                11030 *--------------------------------
                11040 * TAKE OFF FROM MOON
                11050 *--------------------------------
21FE- A9 00     11060 TAKE.OFF.MOON       LDA #$00
2200- 85 A0     11070                     STA RING.COUNT
2202- 85 9E     11080                     STA DO.RINGS.FLAG
2204- 85 DF     11090                     STA SHOTY
2206- 85 A3     11100                     STA SHOT.STATUS
2208- 8D 15 02  11110                     STA SAUCERY
220B- 8D 16 02  11120                     STA SAUCERY+1                REMOVE SPRITES FROM SCREEN!
220E- 85 D8     11130                     STA RADAR.MANX
2210- 85 D9     11140                     STA RADAR.SHIPX
2212- 8D 04 02  11150                     STA MOTHERY
2215- 8D 05 02  11160                     STA MOTHERY+1
2218- 8D 06 02  11170                     STA MOTHERY+2
221B- 85 4A     11180                     STA MEN.PICKED.UP
221D- 8D 48 02  11190                     STA RING.SOUND.INDEX
2220- 8D 45 02  11200                     STA BLOWUP.SND
2223- 8D 43 02  11210                     STA SHOT.SND
2226- 8D 04 D4  11220                     STA SCNTRL.1
2229- 8D 0B D4  11230                     STA SCNTRL.2
222C- 8D 12 D4  11240                     STA SCNTRL.3
222F- A2 04     11250                     LDX #$04
2231- 95 EA     11260 .01                 STA YSPRITE,X
2233- 95 B6     11270                     STA SPRITE.STATUS,X
2235- 95 CA     11280                     STA YTBL.POINTER,X
2237- CA        11290                     DEX
2238- 10 F7     11300                     BPL .01
223A- A5 48     11310                     LDA LIVES
223C- D0 04     11320                     BNE .05
223E- A9 00     11330                     LDA #$00
2240- 85 DC     11340                     STA SHIPY
2242- A5 52     11350 .05                 LDA FUEL.IND
2244- 18        11360                     CLC
2245- 69 05     11370                     ADC #$05
2247- C9 C5     11380                     CMP #$C5
2249- 90 02     11390                     BCC .13
224B- A9 C4     11400                     LDA #$C4
224D- 85 52     11410 .13                 STA FUEL.IND
224F- 38        11420                     SEC
2250- E9 B6     11430                     SBC #$B6
2252- A8        11440                     TAY
2253- B9 6E 23  11450                     LDA FUEL.IND.XPOS,Y
2256- 85 5C     11460                     STA FUELX
2258- A9 00     11470                     LDA #$00
225A- 85 64     11480                     STA FUEL.LOW.FLAG
225C- A9 FF     11490                     LDA #$FF
225E- 85 53     11500                     STA FUEL
2260- A9 40     11510                     LDA #FUELBURN
2262- 85 60     11520                     STA FUEL.DELAY
2264- A9 33     11530                     LDA #$33
2266- 85 57     11540                     STA SHIP.PHASE
2268- 20 F9 0B  11550                     JSR DO.BANK.INDICATOR
226B- AD 11 D0  11560 .02                 LDA VIC.CONTROL.1
226E- 10 FB     11570                     BPL .02
2270- AD 11 D0  11580 .03                 LDA VIC.CONTROL.1
2273- 30 FB     11590                     BMI .03
2275- AD 11 D0  11600 .04                 LDA VIC.CONTROL.1
2278- 10 FB     11610                     BPL .04
227A- A9 02     11620                     LDA #$02
227C- 85 16     11630                     STA GAME.STATUS
                11640 *--------------------------------
227E-           11650 SCROLLERS           >BUILD ORBIT.SCR+$1E0,TEMP1
227E- A9 06     0000>            LDA #ORBIT.SCR+$1E0
2280- 85 05     0000>            STA TEMP1
2282- A9 3A     0000>            LDA /ORBIT.SCR+$1E0
2284- 85 06     0000>            STA TEMP1+1
2286-           11660                     >BUILD ORBIT.ATR+$1E0,TEMP3
2286- A9 FE     0000>            LDA #ORBIT.ATR+$1E0
2288- 85 07     0000>            STA TEMP3
228A- A9 3D     0000>            LDA /ORBIT.ATR+$1E0
228C- 85 08     0000>            STA TEMP3+1
228E- A9 70     11670                     LDA #$70
2290- 8D 4A 02  11680                     STA SYNC.COUNT
2293- A2 0C     11690                     LDX #$0C                     NUMBER OF LINES TO DO
2295- AD 11 D0  11700 .01                 LDA VIC.CONTROL.1
2298- 10 FB     11710                     BPL .01
229A- AD 11 D0  11720 .54                 LDA VIC.CONTROL.1
229D- 30 FB     11730                     BMI .54
229F- A9 00     11740                     LDA #$00
22A1- 85 6C     11750                     STA SCROLL.COUNT
22A3- 20 7D 23  11760                     JSR SCROLL.DOWN
22A6- A0 27     11770                     LDY #$27
22A8- B1 05     11780 .02                 LDA (TEMP1),Y
22AA- 99 00 48  11790                     STA SCREEN.MEMORY,Y
22AD- B1 07     11800                     LDA (TEMP3),Y
22AF- 99 00 D8  11810                     STA COLOR.MEMORY,Y
22B2- 88        11820                     DEY
22B3- 10 F3     11830                     BPL .02
22B5- A0 00     11840                     LDY #$00
22B7- AD 11 D0  11850 .32                 LDA VIC.CONTROL.1
22BA- 30 FB     11860                     BMI .32
22BC- AD 16 D0  11870 .34                 LDA VIC.CONTROL.2
22BF- 10 FB     11880                     BPL .34
22C1- 84 6C     11890 .03                 STY SCROLL.COUNT
22C3- C8        11900 .04                 INY
22C4- AD 4A 02  11910                     LDA SYNC.COUNT
22C7- C9 D4     11920                     CMP #$D4
22C9- B0 03     11930                     BCS .98
22CB- EE 4A 02  11940                     INC SYNC.COUNT
22CE- C0 08     11950 .98                 CPY #$08
22D0- D0 EF     11960                     BNE .03
22D2-           11970                     >SUB TEMP1,$28
22D2- A5 05     0000>            LDA TEMP1
22D4- 38        0000>            SEC
22D5- E9 28     0000>            SBC #$28
22D7- 85 05     0000>            STA TEMP1
22D9- B0 02     0000>            BCS :1
22DB- C6 06     0000>            DEC TEMP1+1
                0000> :1
22DD-           11980                     >SUB TEMP3,$28
22DD- A5 07     0000>            LDA TEMP3
22DF- 38        0000>            SEC
22E0- E9 28     0000>            SBC #$28
22E2- 85 07     0000>            STA TEMP3
22E4- B0 02     0000>            BCS :1
22E6- C6 08     0000>            DEC TEMP3+1
                0000> :1
22E8- CA        11990                     DEX
22E9- 10 AA     12000                     BPL .01
22EB- A5 48     12010                     LDA LIVES
22ED- D0 03     12020                     BNE .05
22EF- 4C 2A 16  12030                     JMP GAME.OVER
22F2- A4 6E     12040 .05                 LDY PLANET.COLOR
22F4- B9 66 23  12050                     LDA TAKE.OFF.SCORE,Y
22F7- 85 4F     12060                     STA SCORE.TEMP+1
22F9- A9 00     12070                     LDA #$00
22FB- 85 50     12080                     STA SCORE.TEMP+2
22FD- 85 4E     12090                     STA SCORE.TEMP
22FF- 20 60 0F  12100                     JSR DO.SCORE.ADD
2302- A9 31     12110                     LDA #$31
2304- A0 04     12120                     LDY #$04
2306- 99 DB 4B  12130 .06                 STA SCREEN.MEMORY+$3DB,Y
2309- 88        12140                     DEY
230A- 10 FA     12150                     BPL .06
230C- C6 49     12160                     DEC MOON.INDICATOR
230E- 20 B5 0E  12170                     JSR DO.MOON.INDICATOR
2311- A5 49     12180                     LDA MOON.INDICATOR
2313- F0 19     12190                     BEQ .07
2315- A9 00     12200                     LDA #$00
2317- 85 67     12210                     STA UPDATE.DELAY
2319- A9 02     12220                     LDA #$02
231B- 85 68     12230                     STA UPDATE.DELAY+1
231D- A9 20     12240                     LDA #$20
231F- 85 6D     12250                     STA SPEED.DELAY
2321- A9 08     12260                     LDA #$08
2323- 85 D7     12270                     STA START.DELAY
2325- A9 01     12280                     LDA #$01
2327- 85 16     12290                     STA GAME.STATUS
2329- 85 A1     12300                     STA READ.COLL.FLAG
232B- 4C 8C 08  12310                     JMP ORBIT.LOOP
232E- A9 00     12320 .07                 LDA #$00
2330- 85 16     12330                     STA GAME.STATUS
2332- 78        12340                     SEI                          TURN OFF INTERRUPTS
2333- A0 0E     12350                     LDY #$0E
2335- 99 01 D0  12360 .08                 STA SPRITE.YPOS,Y
2338- 88        12370                     DEY
2339- 88        12380                     DEY
233A- 10 F9     12390                     BPL .08
233C- A9 00     12400                     LDA #$00
233E- 85 4E     12410                     STA SCORE.TEMP
2340- 85 50     12420                     STA SCORE.TEMP+2
2342- A5 47     12430                     LDA GALAXY
2344- C9 03     12440                     CMP #$03
2346- D0 04     12450                     BNE .09
2348- A9 90     12460                     LDA #$90
234A- D0 12     12470                     BNE .10
234C- C9 02     12480 .09                 CMP #$02
234E- D0 04     12490                     BNE .11
2350- A9 60     12500                     LDA #$60
2352- D0 0A     12510                     BNE .10
2354- C9 01     12520 .11                 CMP #$01
2356- D0 04     12530                     BNE .12
2358- A9 30     12540                     LDA #$30
235A- D0 02     12550                     BNE .10
235C- A9 10     12560 .12                 LDA #$10
235E- 85 4F     12570 .10                 STA SCORE.TEMP+1
2360- 20 60 0F  12580                     JSR DO.SCORE.ADD
2363- 4C 7A 08  12590                     JMP GALAXY.LOOP
                12600 *--------------------------------
2366- 00 00 04
2369- 00 00 02
236C- 01 03     12610 TAKE.OFF.SCORE      .HS 0000040000020103
                12620 *--------------------------------
236E- 18 19 1A
2371- 1B 1C 1D
2374- 1E 20     12630 FUEL.IND.XPOS       .HS 18191A1B1C1D1E20
2376- 2A 2B 2C
2379- 2D 2E 2F
237C- 30        12640                     .HS 2A2B2C2D2E2F30
                12650 *--------------------------------
                12660 * SCROLL SCREEN DOWN ONE LINE
                12670 *--------------------------------
237D- 8A        12680 SCROLL.DOWN         TXA
237E- 48        12690                     PHA                          SAVE X
237F-           12700                     >BUILD SCREEN.MEMORY+$2F8,POINT1
237F- A9 F8     0000>            LDA #SCREEN.MEMORY+$2F8
2381- 85 0E     0000>            STA POINT1
2383- A9 4A     0000>            LDA /SCREEN.MEMORY+$2F8
2385- 85 0F     0000>            STA POINT1+1
2387-           12710                     >BUILD SCREEN.MEMORY+$320,POINT2
2387- A9 20     0000>            LDA #SCREEN.MEMORY+$320
2389- 85 10     0000>            STA POINT2
238B- A9 4B     0000>            LDA /SCREEN.MEMORY+$320
238D- 85 11     0000>            STA POINT2+1
238F-           12720                     >BUILD COLOR.MEMORY+$2F8,POINT3
238F- A9 F8     0000>            LDA #COLOR.MEMORY+$2F8
2391- 85 12     0000>            STA POINT3
2393- A9 DA     0000>            LDA /COLOR.MEMORY+$2F8
2395- 85 13     0000>            STA POINT3+1
2397-           12730                     >BUILD COLOR.MEMORY+$320,POINT4
2397- A9 20     0000>            LDA #COLOR.MEMORY+$320
2399- 85 14     0000>            STA POINT4
239B- A9 DB     0000>            LDA /COLOR.MEMORY+$320
239D- 85 15     0000>            STA POINT4+1
239F- A2 14     12740                     LDX #$14
23A1- A0 27     12750 .1                  LDY #$27
23A3- B1 0E     12760 .2                  LDA (POINT1),Y
23A5- 91 10     12770                     STA (POINT2),Y
23A7- B1 12     12780                     LDA (POINT3),Y
23A9- 91 14     12790                     STA (POINT4),Y
23AB- 88        12800                     DEY
23AC- 10 F5     12810                     BPL .2
23AE-           12820                     >SUB POINT1,$28
23AE- A5 0E     0000>            LDA POINT1
23B0- 38        0000>            SEC
23B1- E9 28     0000>            SBC #$28
23B3- 85 0E     0000>            STA POINT1
23B5- B0 02     0000>            BCS :1
23B7- C6 0F     0000>            DEC POINT1+1
                0000> :1
23B9-           12830                     >SUB POINT2,$28
23B9- A5 10     0000>            LDA POINT2
23BB- 38        0000>            SEC
23BC- E9 28     0000>            SBC #$28
23BE- 85 10     0000>            STA POINT2
23C0- B0 02     0000>            BCS :1
23C2- C6 11     0000>            DEC POINT2+1
                0000> :1
23C4-           12840                     >SUB POINT3,$28
23C4- A5 12     0000>            LDA POINT3
23C6- 38        0000>            SEC
23C7- E9 28     0000>            SBC #$28
23C9- 85 12     0000>            STA POINT3
23CB- B0 02     0000>            BCS :1
23CD- C6 13     0000>            DEC POINT3+1
                0000> :1
23CF-           12850                     >SUB POINT4,$28
23CF- A5 14     0000>            LDA POINT4
23D1- 38        0000>            SEC
23D2- E9 28     0000>            SBC #$28
23D4- 85 14     0000>            STA POINT4
23D6- B0 02     0000>            BCS :1
23D8- C6 15     0000>            DEC POINT4+1
                0000> :1
23DA- CA        12860                     DEX
23DB- D0 C4     12870                     BNE .1
23DD- 68        12880                     PLA
23DE- AA        12890                     TAX
23DF- 60        12900                     RTS
                12910 *--------------------------------
                12920 * SOUND DRIVERS
                12930 *--------------------------------
23E0- AD 45 02  12940 DO.SOUNDS           LDA BLOWUP.SND
23E3- D0 38     12950                     BNE VOICE1                   BLOWUP SOUND?
23E5- AD 41 02  12960                     LDA SPACE.SND                IF NOT USE SAME VOICE
23E8- F0 5D     12970                     BEQ VOICE2
23EA- C9 20     12980                     CMP #$20                     FOR SPACE SOUNDS
23EC- D0 19     12990                     BNE .1                       JUST TURNED ON?
23EE- A9 10     13000                     LDA #$10
23F0- 8D 00 D4  13010                     STA FRQ.1
23F3- A9 27     13020                     LDA #$27
23F5- 8D 01 D4  13030                     STA FRQ.1+1
23F8- A9 A1     13040                     LDA #$A1
23FA- 8D 05 D4  13050                     STA ATTACK.1
23FD- A9 DA     13060                     LDA #$DA
23FF- 8D 06 D4  13070                     STA ENVELOPE.1
2402- A9 81     13080                     LDA #$81
2404- 8D 04 D4  13090                     STA SCNTRL.1
2407- CE 42 02  13100 .1                  DEC SPACE.SND+1
240A- D0 3B     13110                     BNE VOICE2
240C- CE 41 02  13120                     DEC SPACE.SND
240F- AD 41 02  13130                     LDA SPACE.SND
2412- C9 10     13140                     CMP #$10
2414- B0 31     13150                     BCS VOICE2
2416- A9 84     13160                     LDA #$84
2418- 8D 04 D4  13170                     STA SCNTRL.1
241B- D0 2A     13180 .2                  BNE VOICE2
                13190 *--------------------------------
241D- AD 45 02  13200 VOICE1              LDA BLOWUP.SND
2420- C9 28     13210                     CMP #BLPSND
2422- D0 14     13220                     BNE .1
2424- A9 84     13230                     LDA #$84
2426- 8D 04 D4  13240                     STA SCNTRL.1
2429- A9 00     13250                     LDA #$00
242B- 8D 05 D4  13260                     STA ATTACK.1
242E- A9 DA     13270                     LDA #$DA
2430- 8D 06 D4  13280                     STA ENVELOPE.1
2433- A9 81     13290                     LDA #$81
2435- 8D 04 D4  13300                     STA SCNTRL.1
2438- A9 02     13310 .1                  LDA #$02
243A- 8D 01 D4  13320                     STA FRQ.1+1
243D- CE 45 02  13330                     DEC BLOWUP.SND
2440- D0 05     13340                     BNE VOICE2
2442- A9 84     13350                     LDA #$84
2444- 8D 04 D4  13360                     STA SCNTRL.1
                13370 *--------------------------------
2447- AD 43 02  13380 VOICE2              LDA SHOT.SND
244A- F0 3F     13390                     BEQ VOICE3
244C- C9 40     13400                     CMP #SHTSND
244E- D0 05     13410                     BNE .1
2450- A9 81     13420                     LDA #$81
2452- 8D 0B D4  13430                     STA SCNTRL.2
2455- AD 43 02  13440 .1                  LDA SHOT.SND
2458- 4A        13450                     LSR
2459- 4A        13460                     LSR
245A- AE 46 02  13470                     LDX SHOT.UP.FLAG
245D- F0 02     13480                     BEQ .2
245F- 49 3F     13490                     EOR #$3F
2461- 8D 08 D4  13500 .2                  STA FRQ.2+1
2464- A5 16     13510                     LDA GAME.STATUS
2466- C9 01     13520                     CMP #$01
2468- D0 0A     13530                     BNE .3
246A- EE 44 02  13540                     INC SHOT.SND+1
246D- AD 44 02  13550                     LDA SHOT.SND+1
2470- C9 30     13560                     CMP #$30
2472- D0 17     13570                     BNE VOICE3
2474- A9 00     13580 .3                  LDA #$00
2476- 8D 44 02  13590                     STA SHOT.SND+1
2479- CE 43 02  13600                     DEC SHOT.SND
247C- D0 0D     13610                     BNE VOICE3
247E- A9 00     13620                     LDA #$00
2480- 8D 43 02  13630                     STA SHOT.SND
2483- 8D 46 02  13640                     STA SHOT.UP.FLAG
2486- A9 04     13650                     LDA #$04
2488- 8D 0B D4  13660                     STA SCNTRL.2
                13670 *--------------------------------
248B- 60        13680 VOICE3              RTS
                1140        .IN MOON.CODE.5,D1
                1000 *--------------------------------
                1010 * FILE>MOON.CODE.5
                1020 *--------------------------------
                1030 * DETECTS PLANET SPRITE COLLISIONS
                1040 *--------------------------------
248C- A5 61     1050 PLANET.COLLISIONS   LDA KILL.FLAG
248E- D0 03     1060                     BNE .01                      IF EXPLODING, SKIP SHIP CHECK
2490- 20 97 24  1070                     JSR DO.SHIP.COLLISIONS       UPDATE SHIP COLLISIONS
2493- 20 BD 25  1080 .01                 JSR DO.SHOT.COLLISIONS       UPDATE SHOT COLLISIONS
2496- 60        1090                     RTS
                1100 *--------------------------------
                1110 * CHECKS FOR SHIP COLLISIONS
                1120 *--------------------------------
2497- A5 6B     1130 DO.SHIP.COLLISIONS  LDA SHIP.COLLIDE             GET COLLISION DATA
2499- 6A        1140                     ROR
249A- 6A        1150                     ROR
249B- 6A        1160                     ROR
249C- A0 FF     1170                     LDY #$FF
249E- C8        1180 .02                 INY
249F- C0 05     1190                     CPY #$05
24A1- F0 4D     1200                     BEQ .01
24A3- 6A        1210                     ROR
24A4- 90 F8     1220                     BCC .02
24A6- 48        1230                     PHA
24A7- 98        1240                     TYA
24A8- AA        1250                     TAX
24A9- 68        1260                     PLA
24AA- C8        1270 .68                 INY
24AB- C0 05     1280                     CPY #$05
24AD- F0 05     1290                     BEQ .67
24AF- 6A        1300                     ROR
24B0- 90 F8     1310                     BCC .68
24B2- B0 3C     1320                     BCS .01
24B4- B5 99     1330 .67                 LDA CRATER.FLAG,X
24B6- D0 38     1340                     BNE .01
24B8- B5 AC     1350                     LDA OBJECT.TYPE,X            GET TYPE OF OBJECT
24BA- C9 0B     1360                     CMP #$0B
24BC- F0 32     1370                     BEQ .01
24BE- C9 0C     1380                     CMP #$0C
24C0- F0 2E     1390                     BEQ .01
24C2- C9 08     1400                     CMP #$08                     CHECK FOR A MAN
24C4- D0 2B     1410                     BNE .03
24C6- A9 01     1420                     LDA #$01
24C8- 85 4F     1430                     STA SCORE.TEMP+1
24CA- A9 00     1440                     LDA #$00
24CC- 95 EA     1450                     STA YSPRITE,X
24CE- 95 B6     1460                     STA SPRITE.STATUS,X          TAKE MAN OFF SCREEN
24D0- 95 8A     1470                     STA SPRITE.WHOLE,X
24D2- 85 4E     1480                     STA SCORE.TEMP
24D4- 85 50     1490                     STA SCORE.TEMP+2
24D6- 78        1500                     SEI
24D7- A9 E6     1510                     LDA #MAN.SOUND.TBL-4
24D9- 85 EF     1520                     STA NOTE.POINTER
24DB- A9 2F     1530                     LDA /MAN.SOUND.TBL-4
24DD- 85 F0     1540                     STA NOTE.POINTER+1
24DF- A9 01     1550                     LDA #$01
24E1- 85 F1     1560                     STA NOTE.DELAY
24E3- 58        1570                     CLI
24E4- A5 05     1580                     LDA TEMP1
24E6- 48        1590                     PHA
24E7- 20 60 0F  1600                     JSR DO.SCORE.ADD
24EA- 20 C2 0E  1610                     JSR DO.MEN.PICKED.UP         UPDATE MEN ON SCREEN
24ED- 68        1620                     PLA
24EE- 85 05     1630                     STA TEMP1
24F0- 60        1640 .01                 RTS
24F1- C9 0A     1650 .03                 CMP #$0A                     CHECK FOR A RING
24F3- D0 7E     1660                     BNE .04
24F5- B5 E0     1670                     LDA XSPRITE,X
24F7- 18        1680                     CLC
24F8- 69 0B     1690                     ADC #$0B
24FA- 85 0B     1700                     STA TEMP7
24FC- B5 E5     1710                     LDA XMSB.SPRITE,X           TEMP 7,8 IS SPRITE XPOS +4
24FE- 69 00     1720                     ADC #$00
2500- 85 0C     1730                     STA TEMP8
2502- A5 0B     1740                     LDA TEMP7                    NOW SUBTRACT SHIPS XPOS!
2504- 38        1750                     SEC
2505- E5 DA     1760                     SBC SHIPX
2507- 85 0B     1770                     STA TEMP7
2509- A5 0C     1780                     LDA TEMP8
250B- E5 DB     1790                     SBC SHIPX+1
250D- D0 E1     1800                     BNE .01
250F- A5 0B     1810                     LDA TEMP7
2511- C9 12     1820                     CMP #$12
2513- B0 DB     1830                     BCS .01
2515- C6 A2     1840                     DEC RING.DELAY
2517- D0 D7     1850                     BNE .01
2519- A9 06     1860                     LDA #$06
251B- 85 A2     1870                     STA RING.DELAY
251D- AC 48 02  1880                     LDY RING.SOUND.INDEX
2520- C0 20     1890                     CPY #$20
2522- D0 05     1900                     BNE .31
2524- A0 1C     1910                     LDY #$1C
2526- 8C 48 02  1920                     STY RING.SOUND.INDEX
2529- B9 9D 25  1930 .31                 LDA RING.FRQ.TBL,Y
252C- 8D 10 30  1940                     STA RING.SOUND.TBL
252F- C8        1950                     INY
2530- B9 9D 25  1960                     LDA RING.FRQ.TBL,Y
2533- 8D 11 30  1970                     STA RING.SOUND.TBL+1
2536- C8        1980                     INY
2537- 8C 48 02  1990                     STY RING.SOUND.INDEX
253A- 78        2000                     SEI
253B- A9 0C     2010                     LDA #RING.SOUND.TBL-4
253D- 85 EF     2020                     STA NOTE.POINTER
253F- A9 30     2030                     LDA /RING.SOUND.TBL-4
2541- 85 F0     2040                     STA NOTE.POINTER+1
2543- A9 01     2050                     LDA #$01
2545- 85 F1     2060                     STA NOTE.DELAY
2547- 58        2070                     CLI
2548- E6 A0     2080                     INC RING.COUNT
254A- A5 59     2090                     LDA VELOCITY
254C- C9 0F     2100                     CMP #MAXIMUM.VEL
254E- F0 08     2110                     BEQ .05
2550- 18        2120                     CLC
2551- 69 01     2130                     ADC #$01
2553- 85 59     2140                     STA VELOCITY
2555- 20 1C 0C  2150                     JSR DO.VELOCITY
2558- A5 19     2160 .05                 LDA GROUND.SPEED
255A- C9 20     2170                     CMP #MAXIMUM.SPEED
255C- F0 05     2180                     BEQ .06
255E- 18        2190                     CLC
255F- 69 02     2200                     ADC #$02
2561- 85 19     2210                     STA GROUND.SPEED             ADD TWO TO GROUND.SPEED
2563- A5 A0     2220 .06                 LDA RING.COUNT
2565- C9 05     2230                     CMP #$05
2567- 90 87     2240                     BCC .01
2569- A5 19     2250                     LDA GROUND.SPEED
256B- C9 20     2260                     CMP #MAXIMUM.SPEED
256D- 90 03     2270                     BCC .07
256F- 4C FE 21  2280                     JMP TAKE.OFF.MOON            IF OVER MAX, LEAVE MOON
2572- 60        2290 .07                 RTS
2573- A5 5F     2300 .04                 LDA SHIELD.ON.FLAG
2575- D0 FB     2310                     BNE .07
2577- A9 10     2320                     LDA #$10
2579- 85 62     2330                     STA BLOW.UP.DELAY
257B- A9 01     2340                     LDA #$01
257D- 85 63     2350                     STA BLOW.UP.DELAY+1          RESET BLOWUP DELAY
257F- 85 61     2360                     STA KILL.FLAG                START BLOWUP SEQUENCE
2581- A9 07     2370                     LDA #YELLOW
2583- 85 58     2380                     STA SHIP.COLOR               CHANGE SHIP COLOR
2585- A9 37     2390                     LDA #$37
2587- 85 57     2400                     STA SHIP.PHASE               FIRST BLOWUP SHAPE
2589- A9 28     2410                     LDA #BLPSND
258B- 8D 45 02  2420                     STA BLOWUP.SND
258E- 78        2430                     SEI
258F- A9 19     2440                     LDA #BLOWUP.SOUND.TBL
2591- 85 EF     2450                     STA NOTE.POINTER
2593- A9 30     2460                     LDA /BLOWUP.SOUND.TBL
2595- 85 F0     2470                     STA NOTE.POINTER+1
2597- A9 01     2480                     LDA #$01
2599- 85 F1     2490                     STA NOTE.DELAY
259B- 58        2500                     CLI
259C- 60        2510                     RTS
                2520 *--------------------------------
                2530 * RING NOTE FREQUENCIES
                2540 *---------------------------------
259D- 1F 90 20
25A0- 90 21 90
25A3- 22 90     2550 RING.FRQ.TBL        .HS 1F90209021902290
25A5- 23 90 24
25A8- 90 25 90
25AB- 26 90     2560                     .HS 2390249025902690
25AD- 27 90 28
25B0- 90 29 90
25B3- 2A 90     2570                     .HS 2790289029902A90
25B5- 2B 90 2C
25B8- 90 2D 90
25BB- 2E 90     2580                     .HS 2B902C902D902E90
                2590 *--------------------------------
                2600 * CHECK IF SHOT HIT AN OBJECT
                2610 *--------------------------------
25BD- A5 6A     2620 DO.SHOT.COLLISIONS  LDA MID.COLLIDE              GET COLLISION DATA
25BF- 85 05     2630                     STA TEMP1
25C1- 6A        2640                     ROR
25C2- 6A        2650                     ROR
25C3- B0 01     2660                     BCS .11                      CHECK IF OBJECT HIT
25C5- 60        2670 .12                 RTS
25C6- A5 05     2680 .11                 LDA TEMP1
25C8- 6A        2690                     ROR
25C9- B0 FA     2700                     BCS .12                      CHECK IF A SAUCER
25CB- 6A        2710                     ROR                          SKIP TO LAST 5 BITS
25CC- 6A        2720                     ROR
25CD- B0 F6     2730                     BCS .12                      CHECK OTHER SAUCER
25CF- A2 FF     2740                     LDX #$FF
25D1- 6A        2750 .02                 ROR
25D2- E8        2760                     INX
25D3- 90 FC     2770                     BCC .02                      GET OBJECT HIT
25D5- B5 99     2780                     LDA CRATER.FLAG,X
25D7- D0 EC     2790                     BNE .12
25D9- B5 AC     2800                     LDA OBJECT.TYPE,X            GET TYPE OF OBJECT HIT
25DB- C9 09     2810                     CMP #$09
25DD- F0 E6     2820                     BEQ .12                      SKIP A CRATER
25DF- C9 0A     2830                     CMP #$0A
25E1- F0 7D     2840                     BEQ .01                      SKIP A RING
25E3- C9 0B     2850                     CMP #$0B
25E5- F0 79     2860                     BEQ .01
25E7- C9 0C     2870                     CMP #$0C
25E9- F0 75     2880                     BEQ .01
25EB- C9 0D     2890                     CMP #$0D
25ED- F0 71     2900                     BEQ .01
25EF- A0 00     2910                     LDY #$00
25F1- 8C 0B D4  2920                     STY SCNTRL.2
25F4- 84 DF     2930                     STY SHOTY
25F6- 84 A3     2940                     STY SHOT.STATUS              TAKE SHOT OFF SCREEN
25F8- 84 AB     2950                     STY SHOT.COUNT
25FA- C8        2960                     INY
25FB- 94 8F     2970                     STY EXPLODE.FLAG,X           START EXPLODING OBJECT
25FD- A0 28     2980                     LDY #BLPSND
25FF- 8C 45 02  2990                     STY BLOWUP.SND
2602- A0 0B     3000                     LDY #$0B
2604- 94 AC     3010                     STY OBJECT.TYPE,X
2606- C9 08     3020                     CMP #$08
2608- F0 56     3030                     BEQ .01
260A- 85 05     3040                     STA TEMP1
260C- C9 06     3050                     CMP #$06
260E- D0 08     3060                     BNE .03                      CHECK FOR TOWER TOP
2610- A0 0C     3070                     LDY #$0C
2612- 94 AC     3080                     STY OBJECT.TYPE,X
2614- E6 05     3090                     INC TEMP1                    POINT TO TOWER TOP
2616- D0 02     3100                     BNE .04
2618- C6 05     3110 .03                 DEC TEMP1                    POINT TO TOWER BOTTOM
261A- A0 04     3120 .04                 LDY #$04
261C- B9 AC 00  3130 .06                 LDA OBJECT.TYPE,Y
261F- C5 05     3140                     CMP TEMP1
2621- F0 03     3150                     BEQ .05                      FIND OTHER HALF OF TOWER
2623- 88        3160 .07                 DEY
2624- 10 F6     3170                     BPL .06
2626- B9 E0 00  3180 .05                 LDA XSPRITE,Y
2629- D5 E0     3190                     CMP XSPRITE,X
262B- D0 F6     3200                     BNE .07                      CHECK IF AT SAME XPOS
262D- B9 EA 00  3210                     LDA YSPRITE,Y
2630- 38        3220                     SEC
2631- F5 EA     3230                     SBC YSPRITE,X
2633- 10 05     3240                     BPL .08
2635- 49 FF     3250                     EOR #$FF
2637- 18        3260                     CLC
2638- 69 01     3270                     ADC #$01
263A- C9 20     3280 .08                 CMP #$20
263C- B0 E5     3290                     BCS .07
263E- A9 01     3300                     LDA #$01
2640- 99 8F 00  3310                     STA EXPLODE.FLAG,Y           START EXPLODING OTHER HALF
2643- B9 AC 00  3320                     LDA OBJECT.TYPE,Y
2646- C9 06     3330                     CMP #$06
2648- D0 04     3340                     BNE .09
264A- A9 0C     3350                     LDA #$0C
264C- D0 02     3360                     BNE .10
264E- A9 0B     3370 .09                 LDA #$0B
2650- 99 AC 00  3380 .10                 STA OBJECT.TYPE,Y
2653- A9 50     3390                     LDA #$50
2655- 85 4E     3400                     STA SCORE.TEMP
2657- A9 00     3410                     LDA #$00
2659- 85 4F     3420                     STA SCORE.TEMP+1
265B- 85 50     3430                     STA SCORE.TEMP+2
265D- 20 60 0F  3440                     JSR DO.SCORE.ADD
2660- 60        3450 .01                 RTS
                1150        .IN MOON.IRQ,D1
                1000 *--------------------------------
                1010 * FILE>MOON.IRQ
                1020 *--------------------------------
                1030 * IRQ1
                1040 *--------------------------------
2661- A5 A7     1050 IRQ1                LDA SHOT.COLOR
2663- 8D 28 D0  1060                     STA SPRITE.COLOR+1
2666- A5 DD     1070                     LDA SHOTX
2668- 8D 02 D0  1080                     STA SPRITE.XPOS+2
266B- A5 DF     1090                     LDA SHOTY
266D- 8D 03 D0  1100                     STA SPRITE.YPOS+2
2670- A5 A4     1110                     LDA SHOT.POINTER
2672- 8D F9 4B  1120                     STA SPRITE.POINTER+1
2675- 06 DE     1130                     ASL SHOTX+1
2677- AD 10 D0  1140                     LDA SPRITE.XMSB
267A- 29 FD     1150                     AND #$FD
267C- 05 DE     1160                     ORA SHOTX+1
267E- 8D 10 D0  1170                     STA SPRITE.XMSB
2681- 46 DE     1180                     LSR SHOTX+1
2683- A2 00     1190                     LDX #$00
2685- 86 0D     1200                     STX IRQ.TEMP1
2687- 8E 21 D0  1210                     STX BACKGROUND.COLOR
268A- A5 16     1220                     LDA GAME.STATUS
268C- C9 02     1230                     CMP #$02
268E- D0 0A     1240                     BNE .1
2690- A9 10     1250                     LDA #$10
2692- 05 6C     1260                     ORA SCROLL.COUNT
2694- 8D 11 D0  1270                     STA VIC.CONTROL.1            RESET SCROLL COUNTER
2697- 4C 67 27  1280                     JMP IRQ.DONE
269A- AD 1E D0  1290 .1                  LDA SPRITE.SCOLIDE
269D- A5 16     1300                     LDA GAME.STATUS
269F- C9 03     1310                     CMP #$03
26A1- F0 2E     1320                     BEQ .2
26A3- B5 BB     1330 .3                  LDA ORBIT.SPRITE,X
26A5- 9D FB 4B  1340                     STA SPRITE.POINTER+3,X       UPDATE ORBIT SCENE SPRITES
26A8- B5 E5     1350                     LDA XMSB.SPRITE,X            GET ORBIT SPRITE MSB
26AA- 6A        1360                     ROR
26AB- 66 0D     1370                     ROR IRQ.TEMP1                ROR INT TEMP SO IT CAN BE OR'D
26AD- B5 B1     1380                     LDA OBJECT.COLOR,X           GET ORBIT SPRITE COLOR
26AF- 9D 2A D0  1390                     STA SPRITE.COLOR+3,X         UPDATE COLOR
26B2- 8A        1400                     TXA
26B3- 0A        1410                     ASL                          MULTIPLY XREG BY 2
26B4- A8        1420                     TAY                          PUT IT IN YREG FOR INDEX
26B5- B5 E0     1430                     LDA XSPRITE,X                GET ORBIT SPRITE XPOS
26B7- 99 06 D0  1440                     STA SPRITE.XPOS+6,Y          UPDATE XPOS
26BA- B5 EA     1450                     LDA YSPRITE,X                GET ORBIT SPRITE YPOS
26BC- 99 07 D0  1460                     STA SPRITE.YPOS+6,Y          UPDATE YPOS
26BF- E8        1470                     INX
26C0- E0 05     1480                     CPX #$05
26C2- D0 DF     1490                     BNE .3
26C4- AD 10 D0  1500                     LDA SPRITE.XMSB
26C7- 29 07     1510                     AND #$07                     ERASE OLD MSB FOR SPRITES 3-7
26C9- 05 0D     1520                     ORA IRQ.TEMP1                PUT IN NEW MSB'S
26CB- 8D 10 D0  1530                     STA SPRITE.XMSB              UPDATE MSB'S
26CE- 4C 67 27  1540                     JMP IRQ.DONE
26D1- A9 00     1550 .2                  LDA #$00
26D3- 85 0D     1560                     STA IRQ.TEMP1
26D5- AA        1570                     TAX
26D6- A8        1580                     TAY
26D7- B9 04 02  1590 .4                  LDA MOTHERY,Y
26DA- 9D 0B D0  1600                     STA SPRITE.YPOS+10,X
26DD- B9 07 02  1610                     LDA MOTHERX,Y
26E0- 9D 0A D0  1620                     STA SPRITE.XPOS+10,X
26E3- B9 0A 02  1630                     LDA MOTHERXMSB,Y
26E6- 6A        1640                     ROR
26E7- 66 0D     1650                     ROR IRQ.TEMP1
26E9- B9 0D 02  1660                     LDA MOTHER.SPRITE,Y
26EC- 99 FD 4B  1670                     STA SPRITE.POINTER+5,Y
26EF- E8        1680                     INX
26F0- E8        1690                     INX
26F1- C8        1700                     INY
26F2- C0 03     1710                     CPY #$03
26F4- D0 E1     1720                     BNE .4
26F6- AD 10 D0  1730                     LDA SPRITE.XMSB
26F9- 29 1F     1740                     AND #$1F
26FB- 05 0D     1750                     ORA IRQ.TEMP1
26FD- 8D 10 D0  1760                     STA SPRITE.XMSB
2700- A9 00     1770                     LDA #$00
2702- 85 0D     1780                     STA IRQ.TEMP1
2704- A9 04     1790                     LDA #PURPLE
2706- 8D 27 D0  1800                     STA SPRITE.COLOR
2709- 8D 29 D0  1810                     STA SPRITE.COLOR+2
270C- A9 08     1820                     LDA #ORANGE
270E- 8D 2C D0  1830                     STA SPRITE.COLOR+5
2711- 8D 2D D0  1840                     STA SPRITE.COLOR+6
2714- A9 07     1850                     LDA #YELLOW
2716- 8D 2E D0  1860                     STA SPRITE.COLOR+7
2719- 8D 25 D0  1870                     STA SPRITE.MCOLOR.0
271C- A9 02     1880                     LDA #RED
271E- 8D 26 D0  1890                     STA SPRITE.MCOLOR.1
2721- AD 1C D0  1900                     LDA SPRITE.MULTI.COLOR
2724- 29 FA     1910                     AND #$FA
2726- 09 05     1920                     ORA #$05
2728- 8D 1C D0  1930                     STA SPRITE.MULTI.COLOR
272B- AD 1B 02  1940                     LDA SAUCER.SPRITE
272E- 8D F8 4B  1950                     STA SPRITE.POINTER
2731- AD 1C 02  1960                     LDA SAUCER.SPRITE+1
2734- 8D FA 4B  1970                     STA SPRITE.POINTER+2
2737- AD 15 02  1980                     LDA SAUCERY
273A- 8D 01 D0  1990                     STA SPRITE.YPOS
273D- AD 16 02  2000                     LDA SAUCERY+1
2740- 8D 05 D0  2010                     STA SPRITE.YPOS+4
2743- AD 17 02  2020                     LDA SAUCERX
2746- 8D 00 D0  2030                     STA SPRITE.XPOS
2749- AD 18 02  2040                     LDA SAUCERX+1
274C- 8D 04 D0  2050                     STA SPRITE.XPOS+4
274F- AD 1A 02  2060                     LDA SAUCERXMSB+1
2752- 6A        2070                     ROR
2753- 26 0D     2080                     ROL IRQ.TEMP1
2755- 06 0D     2090                     ASL IRQ.TEMP1
2757- AD 19 02  2100                     LDA SAUCERXMSB
275A- 6A        2110                     ROR
275B- 26 0D     2120                     ROL IRQ.TEMP1
275D- AD 10 D0  2130                     LDA SPRITE.XMSB
2760- 29 FA     2140                     AND #$FA
2762- 05 0D     2150                     ORA IRQ.TEMP1
2764- 8D 10 D0  2160                     STA SPRITE.XMSB
                2170 *--------------------------------
2767- A9 60     2180 IRQ.DONE            LDA #$60
2769- A2 81     2190                     LDX #IRQ2
276B- A0 27     2200                     LDY /IRQ2
                2210 *--------------------------------
276D- 8D 12 D0  2220 IRQEND              STA RASTER
2770- 8E 14 03  2230                     STX IRQLO
2773- 8C 15 03  2240                     STY IRQHI
2776- A9 81     2250                     LDA #$81
2778- 8D 19 D0  2260                     STA VIC.IRQ
277B- 68        2270                     PLA
277C- A8        2280                     TAY
277D- 68        2290                     PLA
277E- AA        2300                     TAX
277F- 68        2310                     PLA
2780- 40        2320                     RTI
                2330 *--------------------------------
                2340 * IRQ2
                2350 *--------------------------------
2781- A5 16     2360 IRQ2                LDA GAME.STATUS
2783- C9 02     2370                     CMP #$02                     SCROLLING?
2785- F0 68     2380                     BEQ .20                      DO SYNC!
2787- C9 03     2390                     CMP #$03
2789- D0 5B     2400                     BNE .01
278B- AD 1E D0  2410                     LDA SPRITE.SCOLIDE
278E- 85 69     2420                     STA TOP.COLLIDE
2790- A2 00     2430                     LDX #$00
2792- 86 0D     2440                     STX IRQ.TEMP1
2794- B5 BB     2450 .07                 LDA ORBIT.SPRITE,X
2796- 9D FB 4B  2460                     STA SPRITE.POINTER+3,X
2799- B5 E5     2470                     LDA XMSB.SPRITE,X
279B- 6A        2480                     ROR
279C- 66 0D     2490                     ROR IRQ.TEMP1
279E- B5 B1     2500                     LDA OBJECT.COLOR,X
27A0- 9D 2A D0  2510                     STA SPRITE.COLOR+3,X
27A3- 8A        2520                     TXA
27A4- 0A        2530                     ASL
27A5- A8        2540                     TAY
27A6- B5 E0     2550                     LDA XSPRITE,X
27A8- 99 06 D0  2560                     STA SPRITE.XPOS+6,Y
27AB- B5 EA     2570                     LDA YSPRITE,X
27AD- 99 07 D0  2580                     STA SPRITE.YPOS+6,Y
27B0- E8        2590                     INX
27B1- E0 05     2600                     CPX #$05
27B3- D0 DF     2610                     BNE .07
27B5- AD 10 D0  2620                     LDA SPRITE.XMSB
27B8- 29 07     2630                     AND #$07
27BA- 05 0D     2640                     ORA IRQ.TEMP1
27BC- 8D 10 D0  2650                     STA SPRITE.XMSB
27BF- A6 6E     2660                     LDX PLANET.COLOR
27C1- BD BD 2F  2670                     LDA PLANET.SUB.COLOR,X
27C4- A0 04     2680                     LDY #PURPLE
27C6- A2 70     2690                     LDX #$70
27C8- EC 12 D0  2700 .02                 CPX RASTER
27CB- B0 FB     2710                     BCS .02
27CD- 8D 21 D0  2720                     STA BACKGROUND.COLOR
27D0- 8C 25 D0  2730                     STY SPRITE.MCOLOR.0
27D3- A9 00     2740                     LDA #$00
27D5- 8D 27 D0  2750                     STA SPRITE.COLOR
27D8- 8D 28 D0  2760                     STA SPRITE.COLOR+1
27DB- 8D 29 D0  2770                     STA SPRITE.COLOR+2
27DE- AD 1C D0  2780                     LDA SPRITE.MULTI.COLOR
27E1- 05 70     2790                     ORA MULTI.COLOR.SAVE
27E3- 8D 1C D0  2800                     STA SPRITE.MULTI.COLOR
27E6- A9 BA     2810 .01                 LDA #$BA
27E8- A2 13     2820                     LDX #IRQ3
27EA- A0 28     2830                     LDY /IRQ3
27EC- 4C 6D 27  2840                     JMP IRQEND
                2850 *--------------------------------
27EF- AE 4A 02  2860 .20                 LDX SYNC.COUNT
27F2- CA        2870                     DEX
27F3- CA        2880                     DEX
27F4- 8A        2890                     TXA
27F5- A2 FC     2900                     LDX #SUPERIRQ
27F7- A0 27     2910                     LDY /SUPERIRQ
27F9- 4C 6D 27  2920                     JMP IRQEND
                2930 *--------------------------------
27FC- A6 6E     2940 SUPERIRQ            LDX PLANET.COLOR             DO SCROLLING FOR COLORS!
27FE- BD BD 2F  2950                     LDA PLANET.SUB.COLOR,X
2801- AE 4A 02  2960                     LDX SYNC.COUNT
2804- EC 12 D0  2970 .1                  CPX RASTER
2807- D0 FB     2980                     BNE .1
2809- 8D 21 D0  2990                     STA BACKGROUND.COLOR
280C- A2 D7     3000                     LDX #$D7
280E- A9 18     3010                     LDA #$18
2810- 4C 81 28  3020                     JMP PANEL.IRQ
                3030 *--------------------------------
                3040 * IRQ3
                3050 *--------------------------------
2813- AD 1E D0  3060 IRQ3                LDA SPRITE.SCOLIDE
2816- 85 6A     3070                     STA MID.COLLIDE
2818- A5 DA     3080                     LDA SHIPX
281A- 8D 00 D0  3090                     STA SPRITE.XPOS
281D- A5 DC     3100                     LDA SHIPY
281F- 8D 01 D0  3110                     STA SPRITE.YPOS
2822- A5 58     3120                     LDA SHIP.COLOR
2824- 8D 27 D0  3130                     STA SPRITE.COLOR
2827- A5 57     3140                     LDA SHIP.PHASE
2829- 8D F8 4B  3150                     STA SPRITE.POINTER
282C- AD 10 D0  3160                     LDA SPRITE.XMSB
282F- 29 FE     3170                     AND #$FE
2831- 05 DB     3180                     ORA SHIPX+1
2833- 8D 10 D0  3190                     STA SPRITE.XMSB
2836- AD 1C D0  3200                     LDA SPRITE.MULTI.COLOR
2839- 29 FE     3210                     AND #$FE
283B- 8D 1C D0  3220                     STA SPRITE.MULTI.COLOR
283E- A2 C4     3230                     LDX #$C4
2840- A5 16     3240                     LDA GAME.STATUS
2842- C9 03     3250                     CMP #$03
2844- F0 02     3260                     BEQ .04
2846- A2 D4     3270                     LDX #$D4
2848- EC 12 D0  3280 .04                 CPX RASTER
284B- D0 FB     3290                     BNE .04
284D- A5 16     3300                     LDA GAME.STATUS
284F- C9 03     3310                     CMP #$03
2851- D0 2A     3320                     BNE .02
2853- A9 00     3330                     LDA #BLACK
2855- 8D 29 D0  3340                     STA SPRITE.COLOR+2
2858- A5 DA     3350                     LDA SHIPX
285A- 8D 04 D0  3360                     STA SPRITE.XPOS+4
285D- AD 10 D0  3370                     LDA SPRITE.XMSB
2860- 29 FB     3380                     AND #$FB
2862- A6 DB     3390                     LDX SHIPX+1
2864- F0 02     3400                     BEQ .03
2866- 09 04     3410                     ORA #$04
2868- 8D 10 D0  3420 .03                 STA SPRITE.XMSB
286B- A9 C6     3430                     LDA #$C6
286D- 8D 05 D0  3440                     STA SPRITE.YPOS+4
2870- A5 57     3450                     LDA SHIP.PHASE
2872- 8D FA 4B  3460                     STA SPRITE.POINTER+2
2875- AD 1C D0  3470                     LDA SPRITE.MULTI.COLOR
2878- 29 FB     3480                     AND #$FB
287A- 8D 1C D0  3490                     STA SPRITE.MULTI.COLOR
287D- A9 18     3500 .02                 LDA #$18
287F- A2 D7     3510                     LDX #$D7
2881- EC 12 D0  3520 PANEL.IRQ           CPX RASTER
2884- D0 FB     3530                     BNE PANEL.IRQ
                3540 *--------------------------------
2886- 8D 11 D0  3550                     STA VIC.CONTROL.1
2889- AD 1E D0  3560                     LDA SPRITE.SCOLIDE
288C- 85 6B     3570                     STA SHIP.COLLIDE
288E- A9 00     3580                     LDA #$00
2890- 8D 06 D0  3590                     STA SPRITE.XPOS+6
2893- 8D 08 D0  3600                     STA SPRITE.XPOS+8
2896- 8D 0A D0  3610                     STA SPRITE.XPOS+10
2899- 8D 0C D0  3620                     STA SPRITE.XPOS+12
289C- 8D 0E D0  3630                     STA SPRITE.XPOS+14
289F- AD 10 D0  3640                     LDA SPRITE.XMSB
28A2- 29 07     3650                     AND #$07
28A4- 8D 10 D0  3660                     STA SPRITE.XMSB
                3670 *--------------------------------
28A7- A9 00     3680                     LDA #$00
28A9- 8D 1C D0  3690                     STA SPRITE.MULTI.COLOR
28AC- A5 51     3700                     LDA VEL.IND
28AE- 8D F8 4B  3710                     STA SPRITE.POINTER           UPDATE VELOCITY SPRITE DIAL
28B1- A9 BD     3720                     LDA #$BD
28B3- 8D F9 4B  3730                     STA SPRITE.POINTER+1         UPDATE BANK INDICATOR SPRITE
28B6- A5 52     3740                     LDA FUEL.IND
28B8- 8D FA 4B  3750                     STA SPRITE.POINTER+2         UPDATE FUEL SPRITE DIAL
28BB- A9 D3     3760                     LDA #$D3
28BD- 8D FB 4B  3770                     STA SPRITE.POINTER+3         UPDATE RADAR MAN
28C0- A9 D4     3780                     LDA #$D4
28C2- 8D FC 4B  3790                     STA SPRITE.POINTER+4         UPDATE RADAR SHIP
                3800 *--------------------------------
28C5- A9 01     3810                     LDA #WHITE
28C7- 8D 27 D0  3820                     STA SPRITE.COLOR
28CA- 8D 28 D0  3830                     STA SPRITE.COLOR+1
28CD- 8D 29 D0  3840                     STA SPRITE.COLOR+2
28D0- 8D 2A D0  3850                     STA SPRITE.COLOR+3
28D3- 8D 2B D0  3860                     STA SPRITE.COLOR+4
                3870 *--------------------------------
28D6- A9 00     3880                     LDA #BLACK
28D8- 8D 21 D0  3890                     STA BACKGROUND.COLOR
                3900 *--------------------------------
28DB- A5 5A     3910                     LDA VELX                     DO XPOS FOR GUAGES
28DD- 8D 00 D0  3920                     STA SPRITE.XPOS
28E0- A5 5B     3930                     LDA BANKX
28E2- 8D 02 D0  3940                     STA SPRITE.XPOS+2
28E5- A5 5C     3950                     LDA FUELX
28E7- 8D 04 D0  3960                     STA SPRITE.XPOS+4
28EA- A5 D8     3970                     LDA RADAR.MANX               DO XPOS OF RADAR SPRITES
28EC- 8D 06 D0  3980                     STA SPRITE.XPOS+6
28EF- A5 D9     3990                     LDA RADAR.SHIPX
28F1- 8D 08 D0  4000                     STA SPRITE.XPOS+8
28F4- A9 04     4010                     LDA #$04
28F6- 8D 10 D0  4020                     STA SPRITE.XMSB
                4030 *--------------------------------
28F9- A9 E2     4040                     LDA #$E2                     DO YPOS FOR GUAGES
28FB- 8D 01 D0  4050                     STA SPRITE.YPOS
28FE- 8D 05 D0  4060                     STA SPRITE.YPOS+4
2901- 8D 07 D0  4070                     STA SPRITE.YPOS+6
2904- A9 E6     4080                     LDA #$E6
2906- 8D 03 D0  4090                     STA SPRITE.YPOS+2
2909- A9 E8     4100                     LDA #$E8
290B- 8D 09 D0  4110                     STA SPRITE.YPOS+8
                4120 *--------------------------------
290E- A5 66     4130                     LDA RANDOM.NUMBER
2910- 0A        4140                     ASL
2911- 45 66     4150                     EOR RANDOM.NUMBER
2913- 0A        4160                     ASL
2914- 26 66     4170                     ROL RANDOM.NUMBER
                4180 *--------------------------------
                4190 *      (SOUNDS)
                4200 *--------------------------------
2916- D8        4210 SOUNDER             CLD
2917- AD 43 02  4220                     LDA SHOT.SND
291A- D0 40     4230                     BNE REAL.TIME     DO FUEL WARNING?
291C- AD 47 02  4240                     LDA BUZZ
291F- F0 09     4250                     BEQ .3
2921- A9 88     4260                     LDA #$88
2923- 8D 07 D4  4270                     STA FRQ.2
2926- A9 0A     4280                     LDA #$0A
2928- D0 26     4290                     BNE .4
                4300 *--------------------------------
292A- A5 64     4310 .3                  LDA FUEL.LOW.FLAG
292C- F0 29     4320                     BEQ .1
292E- EE 3F 02  4330                     INC WARNING.COUNT
2931- AD 3F 02  4340                     LDA WARNING.COUNT
2934- C9 10     4350                     CMP #$10
2936- D0 24     4360                     BNE REAL.TIME
2938- A9 00     4370                     LDA #$00
293A- 8D 3F 02  4380                     STA WARNING.COUNT
293D- AD 40 02  4390                     LDA WARNING.FLAG
2940- 49 01     4400                     EOR #$01
2942- 8D 40 02  4410                     STA WARNING.FLAG
2945- 0A        4420                     ASL
2946- AA        4430                     TAX
2947- BD C5 2F  4440                     LDA WARNING.FRQ,X
294A- 8D 07 D4  4450                     STA FRQ.2
294D- BD C6 2F  4460                     LDA WARNING.FRQ+1,X
2950- 8D 08 D4  4470 .4                  STA FRQ.2+1
2953- A9 41     4480                     LDA #$41
2955- D0 02     4490                     BNE .2
2957- A9 04     4500 .1                  LDA #$04
2959- 8D 0B D4  4510 .2                  STA SCNTRL.2
                4520 *--------------------------------
295C- A0 00     4530 REAL.TIME           LDY #$00
295E- B1 EF     4540                     LDA (NOTE.POINTER),Y
2960- C9 FF     4550                     CMP #$FF
2962- F0 2B     4560                     BEQ .3
2964- C6 F1     4570                     DEC NOTE.DELAY
2966- D0 2C     4580                     BNE .5
2968- A5 EF     4590                     LDA NOTE.POINTER
296A- 18        4600                     CLC
296B- 69 04     4610                     ADC #$04
296D- 85 EF     4620                     STA NOTE.POINTER
296F- 90 02     4630                     BCC .1
2971- E6 F0     4640                     INC NOTE.POINTER+1
2973- B1 EF     4650 .1                  LDA (NOTE.POINTER),Y         UPDATE NOTE
2975- C9 FF     4660                     CMP #$FF
2977- F0 16     4670                     BEQ .3
2979- 8D 0F D4  4680                     STA FRQ.3+1
297C- C8        4690                     INY
297D- B1 EF     4700                     LDA (NOTE.POINTER),Y
297F- 8D 0E D4  4710                     STA FRQ.3
2982- C8        4720                     INY
2983- B1 EF     4730                     LDA (NOTE.POINTER),Y
2985- 8D 12 D4  4740                     STA SCNTRL.3                 UPDATE SOUND TYPE!
2988- C8        4750                     INY
2989- B1 EF     4760                     LDA (NOTE.POINTER),Y
298B- 85 F1     4770                     STA NOTE.DELAY
298D- D0 05     4780                     BNE .5
298F- A9 04     4790 .3                  LDA #$04
2991- 8D 12 D4  4800                     STA SCNTRL.3
                4810 *--------------------------------
2994- A9 20     4820 .5                  LDA #$20
2996- A2 61     4830                     LDX #IRQ1
2998- A0 26     4840                     LDY /IRQ1
299A- 4C 6D 27  4850                     JMP IRQEND
                1160        .IN MOON.SHAPES.1,D1
                1000 *--------------------------------
                1010 * FILE>MOON.SHAPES.1
                1020 *--------------------------------
                1030 *
                1040 *--------------------------------
                1050 * UNIVERSE SHAPES
                1060 *--------------------------------
299D- 00 00 00
29A0- 00 00 00
29A3- 00 00     1070 GAMESET    .HS 0000000000000000   00 BLANK SPACE
                1080 *--------------------------------
                1090 * CONTROL PANEL
                1100 *--------------------------------
29A5- FF FF 00
29A8- 00 FF FF
29AB- FF FF     1110            .HS FFFF0000FFFFFFFF   01 PANEL
29AD- 00 FF FF
29B0- 00 00 FF
29B3- FF FF     1120            .HS 00FFFF0000FFFFFF   02
29B5- 00 00 FF
29B8- FF 00 00
29BB- FF FF     1130            .HS 0000FFFF0000FFFF   03
29BD- 00 00 00
29C0- FF FF 00
29C3- 00 FF     1140            .HS 000000FFFF0000FF   04
29C5- 00 00 00
29C8- 00 FF FF
29CB- 00 00     1150            .HS 00000000FFFF0000   05
29CD- 00 00 00
29D0- 00 00 1F
29D3- FF E0     1160            .HS 00000000001FFFE0   06
29D5- 00 00 00
29D8- 00 00 F8
29DB- FF 07     1170            .HS 0000000000F8FF07   07
29DD- 00 3C 7E
29E0- 7E 7E 3C
29E3- 00 00     1180            .HS 003C7E7E7E3C0000   08 DESIGN
29E5- 00 07 18
29E8- 20 20 60
29EB- 60 60     1190            .HS 0007182020606060   09 GUAGE
29ED- 00 FF 00
29F0- 00 00 00
29F3- 00 00     1200            .HS 00FF000000000000   0A
29F5- 00 E0 18
29F8- 04 04 06
29FB- 06 06     1210            .HS 00E0180404060606   0B
29FD- 60 60 60
2A00- 20 20 18
2A03- 07 00     1220            .HS 6060602020180700   0C
2A05- 00 00 00
2A08- 00 00 00
2A0B- FF 00     1230            .HS 000000000000FF00   0D
2A0D- 06 06 06
2A10- 04 04 18
2A13- E0 00     1240            .HS 060606040418E000   0E
2A15- 60 60 60
2A18- 60 60 60
2A1B- 60 60     1250            .HS 6060606060606060   0F GUAGE LEFT
2A1D- 00 00 66
2A20- 66 66 18
2A23- 18 00     1260            .HS 0000666666181800   10 VEL
2A25- 00 00 7E
2A28- 60 7E 60
2A2B- 7E 00     1270            .HS 00007E607E607E00   11
2A2D- 00 00 60
2A30- 60 60 60
2A33- 7E 00     1280            .HS 0000606060607E00   12
2A35- 06 06 06
2A38- 06 06 06
2A3B- 06 06     1290            .HS 0606060606060606   13 GUAGE RIGHT
2A3D- 00 00 F3
2A40- C3 F3 C3
2A43- C3 00     1300            .HS 0000F3C3F3C3C300   14 FUEL
2A45- 00 00 67
2A48- 66 67 66
2A4B- E7 00     1310            .HS 000067666766E700   15
2A4D- 00 00 98
2A50- 18 98 18
2A53- 9F 00     1320            .HS 0000981898189F00   16
2A55- 6F 6C 6C
2A58- 6C 6C 6C
2A5B- 6C 6F     1330            .HS 6F6C6C6C6C6C6C6F   17 BANK INDICATOR
2A5D- FF 00 00
2A60- C0 C0 F0
2A63- 00 FF     1340            .HS FF0000C0C0F000FF   18
2A65- C3 00 00
2A68- 00 00 00
2A6B- 00 C3     1350            .HS C3000000000000C3   19
2A6D- FF 00 00
2A70- 0E 0E 09
2A73- 00 FF     1360            .HS FF00000E0E0900FF   1A
2A75- F6 36 36
2A78- 36 36 36
2A7B- 36 F6     1370            .HS F6363636363636F6   1B
2A7D- E7 C3 DB
2A80- 99 00 42
2A83- 66 FF     1380            .HS E7C3DB99004266FF   1C SHIPS REMAINING
2A85- E7 42 81
2A88- C3 C3 99
2A8B- 99 FF     1390            .HS E74281C3C39999FF   1D MEN PICKED UP
2A8D- 3C 66 66
2A90- 66 66 66
2A93- 66 3C     1400            .HS 3C6666666666663C   1E 0
2A95- 18 38 18
2A98- 18 18 18
2A9B- 18 3C     1410            .HS 183818181818183C   1F 1
2A9D- 3C 66 06
2AA0- 0C 0C 06
2AA3- 66 3C     1420            .HS 3C66060C0C06663C   20 3
2AA5- 3C 66 60
2AA8- 7C 66 66
2AAB- 66 3C     1430            .HS 3C66607C6666663C   21 6
2AAD- 3C 66 66
2AB0- 66 3E 06
2AB3- 66 3C     1440            .HS 3C6666663E06663C   22 9
                1450 *--------------------------------
                1460 * SPACE SHAPES
                1470 *--------------------------------
2AB5- 00 00 07
2AB8- 0F 0E 09
2ABB- 07 20     1480            .HS 0000070F0E090720   23 SMALL.PLANET
2ABD- 00 08 C0
2AC0- A0 60 E0
2AC3- C0 00     1490            .HS 0008C0A060E0C000   24
2AC5- 00 00 00
2AC8- 00 00 00
2ACB- 03 0F     1500            .HS 000000000000030F   25 MEDIUM.PLANET
2ACD- 00 00 00
2AD0- 00 00 FF
2AD3- DB F0     1510            .HS 0000000000FFDBF0   26
2AD5- 00 00 08
2AD8- 00 00 7F
2ADB- 83 1C     1520            .HS 00000800007F831C   27
2ADD- 0F 1F 1F
2AE0- 1F 1E 20
2AE3- C3 FD     1530            .HS 0F1F1F1F1E20C3FD   28
2AE5- E1 FE F1
2AE8- EE 1E FF
2AEB- FF FE     1540            .HS E1FEF1EE1EFFFFFE   29
2AED- F0 E0 E0
2AF0- E0 E0 80
2AF3- 80 00     1550            .HS F0E0E0E0E0808000   2A
2AF5- 00 00 00
2AF8- 03 0F 3F
2AFB- 3F 7F     1560            .HS 000000030F3F3F7F   2B LARGE.PLANET
2AFD- 00 0F 7F
2B00- FF FF FF
2B03- FF E7     1570            .HS 000F7FFFFFFFFFE7   2C
2B05- FF FF E0
2B08- 1F FF FF
2B0B- FF CF     1580            .HS FFFFE01FFFFFFFCF   2D
2B0D- 00 F0 3E
2B10- 07 01 C0
2B13- C0 F0     1590            .HS 00F03E0701C0C0F0   2E
2B15- 00 00 00
2B18- C0 F0 3C
2B1B- 1C FF     1600            .HS 000000C0F03C1CFF   2F
2B1D- 01 01 07
2B20- 07 07 0F
2B23- 07 07     1610            .HS 01010707070F0707   30
2B25- FF FF FF
2B28- FF FF FF
2B2B- FF FF     1620            .HS FFFFFFFFFFFFFFFF   31
2B2D- 82 F0 97
2B30- FE FF FF
2B33- FF FF     1630            .HS 82F097FEFFFFFFFF   32
2B35- 03 03 E3
2B38- E3 07 9F
2B3B- FF FF     1640            .HS 0303E3E3079FFFFF   33
2B3D- C8 C0 C0
2B40- F0 C8 0E
2B43- 0F FF     1650            .HS C8C0C0F0C80E0FFF   34
2B45- 7F 3F 0F
2B48- 0D 00 0E
2B4B- 00 C0     1660            .HS 7F3F0F0D000E00C0   35
2B4D- 00 00 C0
2B50- C0 C0 E0
2B53- 20 20     1670            .HS 0000C0C0C0E02020   36
2B55- 0F 07 07
2B58- 07 01 01
2B5B- 00 00     1680            .HS 0F07070701010000   37 LARGE.PLANET.BOTTOM
2B5D- F3 C0 00
2B60- F0 B0 C3
2B63- 7F 7F     1690            .HS F3C000F0B0C37F7F   38
2B65- FF FF FF
2B68- FF FF FF
2B6B- F3 C3     1700            .HS FFFFFFFFFFFFF3C3   39
2B6D- FF FF FF
2B70- FF FF FF
2B73- FC F0     1710            .HS FFFFFFFFFFFFFCF0   3A
2B75- 66 86 8E
2B78- 8C CC 70
2B7B- F0 00     1720            .HS 66868E8CCC70F000   3B
2B7D- E0 20 20
2B80- E0 C0 C0
2B83- 80 80     1730            .HS E02020E0C0C08080   3C
2B85- 7F 3F 0F
2B88- 07 00 00
2B8B- 00 00     1740            .HS 7F3F0F0700000000   3D
2B8D- FF FF FF
2B90- FB FF 3F
2B93- 0F 00     1750            .HS FFFFFFFBFF3F0F00   3E
2B95- FC F8 F9
2B98- D4 FF FF
2B9B- FF FC     1760            .HS FCF8F9D4FFFFFFFC   3F
2B9D- 03 06 38
2BA0- F0 C0 00
2BA3- 00 00     1770            .HS 030638F0C0000000   40
2BA5- 1F 70 FE
2BA8- F9 FF FF
2BAB- 7F 1F     1780            .HS 1F70FEF9FFFF7F1F   41 BLUE.MOON
2BAD- E0 38 00
2BB0- CC CC FC
2BB3- F8 E0     1790            .HS E03800CCCCFCF8E0   42
2BB5- 00 00 00
2BB8- 10 7C 10
2BBB- 00 00     1800            .HS 000000107C100000   43 BIG.STAR
2BBD- 3D 4F 7C
2BC0- CF 03 39
2BC3- E7 17     1810            .HS 3D4F7CCF0339E717   44 NEBULA1
2BC5- 40 00 F0
2BC8- C0 E0 D0
2BCB- D0 C8     1820            .HS 4000F0C0E0D0D0C8   45
2BCD- 4F 19 7C
2BD0- F9 7E BF
2BD3- 9F 5D     1830            .HS 4F197CF97EBF9F5D   46 NEBULA3
2BD5- F0 FC FF
2BD8- FF 71 FF
2BDB- F8 E2     1840            .HS F0FCFFFF71FFF8E2   47
2BDD- 10 00 12
2BE0- 39 F3 3F
2BE3- 80 49     1850            .HS 10001239F33F8049   48 NEBULA4
2BE5- 00 4A 01
2BE8- FC E6 01
2BEB- 44 00     1860            .HS 004A01FCE6014400   49
2BED- 20 47 1E
2BF0- 9D 1F 8F
2BF3- 43 15     1870            .HS 20471E9D1F8F4315   4A NEBULA2
2BF5- F0 FE 00
2BF8- 88 C0 C0
2BFB- 82 20     1880            .HS F0FE0088C0C08220   4B
2BFD- 10 10 28
2C00- 82 28 10
2C03- 10 00     1890            .HS 1010288228101000   4C TINY.PLANET
                1900 *--------------------------------
                1910 * RANDOM STARS
                1920 *--------------------------------
2C05- 00 41 00
2C08- 02 80 03
2C0B- 01 00     1930            .HS 0041000280030100   4D NEBULA STARS
2C0D- 40 00 20
2C10- 10 00 03
2C13- 00 00     1940            .HS 4000201000030000   4E
2C15- 10 61 00
2C18- 02 00 20
2C1B- 00 00     1950            .HS 1061000200200000   4F
2C1D- 00 00 80
2C20- 40 00 60
2C23- 00 C0     1960            .HS 00008040006000C0   50
2C25- 00 00 00
2C28- 00 08 00
2C2B- 00 00     1970            .HS 0000000008000000   51
2C2D- 02 00 00
2C30- 01 20 81
2C33- 08 82     1980            .HS 0200000120810882   52
2C35- 08 01 00
2C38- 04 00 02
2C3B- 90 04     1990            .HS 0801000400029004   53
2C3D- 00 01 44
2C40- 00 88 00
2C43- 00 88     2000            .HS 0001440088000088   54
2C45- A0 09 40
2C48- 08 40 00
2C4B- 00 00     2010            .HS A009400840000000   55
2C4D- 11 00 02
2C50- 91 00 02
2C53- 20 00     2020            .HS 1100029100022000   56
2C55- 00 02 00
2C58- 40 00 00
2C5B- 04 00     2030            .HS 0002004000000400   57
2C5D- 00 00 20
2C60- 04 10 02
2C63- 40 00     2040            .HS 0000200410024000   58
2C65- 48 03 24
2C68- 01 08 03
2C6B- 00 00     2050            .HS 4803240108030000   59
2C6D- 00 C0 C0
2C70- E0 EF FE
2C73- F0 00     2060            .HS 00C0C0E0EFFEF000   5A BOTTOM.LARGE
                2070 *--------------------------------
                2080 * ORBITAL PLANET
                2090 *--------------------------------
2C75- 00 00 07
2C78- 7F FF FF
2C7B- FF FF     2100            .HS 0000077FFFFFFFFF   5B       87
2C7D- 00 00 00
2C80- 00 07 7F
2C83- FF FF     2110            .HS 00000000077FFFFF   5C       86
2C85- 00 00 00
2C88- 00 00 00
2C8B- 07 3F     2120            .HS 000000000000073F   5D       85
2C8D- FF FF FF
2C90- FF FF FF
2C93- FF FF     2130            .HS FFFFFFFFFFFFFFFF   5E       E6
2C95- FF F7 FD
2C98- DD 7F 57
2C9B- 57 77     2140            .HS FFF7FDDD7F575777   5F       EE
2C9D- 55 D5 FD
2CA0- FD FF FF
2CA3- FF FF     2150            .HS 55D5FDFDFFFFFFFF   60       E5
2CA5- 01 0F 3F
2CA8- FF FF FF
2CAB- FF FF     2160            .HS 010F3FFFFFFFFFFF   61       84
2CAD- 00 00 00
2CB0- 00 03 0F
2CB3- 3F FF     2170            .HS 00000000030F3FFF   62       B2
2CB5- 07 1F 7F
2CB8- FF FF FF
2CBB- FF FF     2180            .HS 071F7FFFFFFFFFFF   63       82
2CBD- 00 00 00
2CC0- 01 07 1F
2CC3- 7F FF     2190            .HS 00000001071F7FFF   64       83
2CC5- FF FF FF
2CC8- FF 7F 5F
2CCB- 57 55     2200            .HS FFFFFFFF7F5F5755   65       E2
2CCD- DF 55 55
2CD0- 55 55 55
2CD3- 55 55     2210            .HS DF55555555555555   66       EB
2CD5- 03 0F 3F
2CD8- FF FF FF
2CDB- FF FF     2220            .HS 030F3FFFFFFFFFFF   67       A6
2CDD- 00 00 00
2CE0- 00 01 07
2CE3- 0F 3F     2230            .HS 0000000001070F3F   68       A5
2CE5- 01 00 00
2CE8- 00 00 00
2CEB- 00 00     2240            .HS 0100000000000000   69       DE
2CED- 00 00 00
2CF0- 00 00 80
2CF3- F8 FF     2250            .HS 000000000080F8FF   6A       DD
2CF5- 00 00 00
2CF8- 80 F8 FF
2CFB- FF 1F     2260            .HS 00000080F8FFFF1F   6B       DC
2CFD- 00 C0 F8
2D00- FF FF 0F
2D03- 01 E0     2270            .HS 00C0F8FFFF0F01E0   6C       6D
2D05- F0 FF FF
2D08- FF 01 00
2D0B- F8 FF     2280            .HS F0FFFFFF0100F8FF   6D       A8
2D0D- FF FF FF
2D10- 00 00 7F
2D13- FF FF     2290            .HS FFFFFF00007FFFFF   6E       6F
2D15- FF FF FF
2D18- F8 C0 00
2D1B- 07 1F     2300            .HS FFFFFFF8C000071F   6F       01
2D1D- 00 03 0F
2D20- 1F 3F 7F
2D23- 7F FF     2310            .HS 00030F1F3F7F7FFF   70       BF
2D25- FF 7F 5F
2D28- 57 55 55
2D2B- 55 55     2320            .HS FF7F5F5755555555   71       E1
2D2D- 00 01 07
2D30- 0F 3F 7F
2D33- FF FF     2330            .HS 0001070F3F7FFFFF   72       81
2D35- 00 00 00
2D38- 00 00 C0
2D3B- F0 FC     2340            .HS 0000000000C0F0FC   73       AD
2D3D- 00 00 80
2D40- F0 FC FF
2D43- 5F EB     2350            .HS 000080F0FCFF5FEB   74       0A
2D45- E0 FC FF
2D48- 7F AF F5
2D4B- FF FF     2360            .HS E0FCFF7FAFF5FFFF   75       09
2D4D- FF 3F C7
2D50- FA FF FF
2D53- FF FF     2370            .HS FF3FC7FAFFFFFFFF   76       6C
2D55- E1 FE FF
2D58- EF FE FF
2D5B- FF 1F     2380            .HS E1FEFFEFFEFFFF1F   77       6E
2D5D- FF 7F FE
2D60- FF FF FF
2D63- 03 00     2390            .HS FF7FFEFFFFFF0300   78       0E
2D65- FF C0 3F
2D68- FF F4 3F
2D6B- 70 C0     2400            .HS FFC03FFFF43F70C0   79       0F
2D6D- FF 1F 7F
2D70- FF FF FE
2D73- FC F9     2410            .HS FF1F7FFFFFFEFCF9   7A       DB
2D75- 1F 3E 3C
2D78- 3C 3C 3C
2D7B- 1E 1F     2420            .HS 1F3E3C3C3C3C1E1F   7B       6B
2D7D- 7E FE FE
2D80- FE FE FE
2D83- FF 7F     2430            .HS 7EFEFEFEFEFEFF7F   7C       A9
2D85- 55 55 55
2D88- 55 55 D5
2D8B- F5 FD     2440            .HS 5555555555D5F5FD   7D       EA
2D8D- 55 D5 F5
2D90- FD FF FF
2D93- FF FF     2450            .HS 55D5F5FDFFFFFFFF   7E       E9
2D95- AB AF BF
2D98- FF FF FF
2D9B- FF FF     2460            .HS ABAFBFFFFFFFFFFF   7F       72
2D9D- AA AA AA
2DA0- AA AB 0B
2DA3- 0F 0F     2470            .HS AAAAAAAAAB0B0F0F   80       1A
2DA5- FF FF 7F
2DA8- 07 00 00
2DAB- 00 00     2480            .HS FFFF7F0700000000   81       19
2DAD- 7F 03 00
2DB0- 00 00 00
2DB3- 00 00     2490            .HS 7F03000000000000   82       1B
2DB5- 80 00 80
2DB8- C0 C0 E0
2DBB- F0 B8     2500            .HS 800080C0C0E0F0B8   83       0B
2DBD- F9 F9 79
2DC0- FD BE DF
2DC3- FF F7     2510            .HS F9F979FDBEDFFFF7   84       D8
2DC5- 1F 8F 87
2DC8- C7 E3 E3
2DCB- F1 F8     2520            .HS 1F8F87C7E3E3F1F8   85       1C
2DCD- FB 7B 79
2DD0- 7D 3C 3F
2DD3- 1F 1F     2530            .HS FB7B797D3C3F1F1F   86       AB
2DD5- FF D7 D7
2DD8- F5 F5 FD
2DDB- FD FF     2540            .HS FFD7D7F5F5FDFDFF   87       ED
2DDD- 55 55 55
2DE0- D5 D5 D5
2DE3- FD FF     2550            .HS 555555D5D5D5FDFF   88       E8
2DE5- 1F 3F 7F
2DE8- FF FF FF
2DEB- FF FF     2560            .HS 1F3F7FFFFFFFFFFF   89       95
2DED- 00 00 00
2DF0- 00 01 03
2DF3- 07 0F     2570            .HS 000000000103070F   8A       97
2DF5- 00 00 00
2DF8- 80 C0 E0
2DFB- 78 BC     2580            .HS 00000080C0E078BC   8B       18
2DFD- DC EE F7
2E00- FB FD 7F
2E03- 3F 9F     2590            .HS DCEEF7FBFD7F3F9F   8C       1E
2E05- 0F 07 07
2E08- 03 03 01
2E0B- 00 00     2600            .HS 0F07070303010000   8D       07
2E0D- 1F 3F 7F
2E10- FF FF FF
2E13- FF FF     2610            .HS 1F3F7FFFFFFFFFFF   8E       9D
2E15- 00 00 00
2E18- 00 01 03
2E1B- 07 CF     2620            .HS 00000000010307CF   8F       9F
2E1D- 00 80 C0
2E20- E0 F8 FC
2E23- FF FF     2630            .HS 0080C0E0F8FCFFFF   90       08
2E25- FE FF FF
2E28- FF 3F 9F
2E2B- CF E7     2640            .HS FEFFFFFF3F9FCFE7   91       DA
2E2D- 7F 3F 3F
2E30- 1F 0F 07
2E33- 03 03     2650            .HS 7F3F3F1F0F070303   92       4D
2E35- FF FF FF
2E38- FF FF BF
2E3B- AF AB     2660            .HS FFFFFFFFFFBFAFAB   93       15
2E3D- BF AF AB
2E40- AA AA AA
2E43- AA AA     2670            .HS BFAFABAAAAAAAAAA   94       14
2E45- FF FF FF
2E48- BF FF EF
2E4B- F3 FD     2680            .HS FFFFFFBFFFEFF3FD   95       4B
2E4D- FB FD FF
2E50- FF FF FF
2E53- FF FF     2690            .HS FBFDFFFFFFFFFFFF   96       D9
2E55- FF FF 7F
2E58- 3F 1F 0F
2E5B- 07 03     2700            .HS FFFF7F3F1F0F0703   97       AE
2E5D- FF FF BF
2E60- AF AF AB
2E63- AA AA     2710            .HS FFFFBFAFAFABAAAA   98       17
2E65- AB AA AA
2E68- AA AA AA
2E6B- AA AA     2720            .HS ABAAAAAAAAAAAAAA   99       16
2E6D- FB FD 7E
2E70- 3F 1F 0F
2E73- 07 03     2730            .HS FBFD7E3F1F0F0703   9A       4C
2E75- 7F 5F 57
2E78- 55 55 55
2E7B- 55 55     2740            .HS 7F5F575555555555   9B       E3
2E7D- FF FF 7F
2E80- 3F 1F 0F
2E83- 07 13     2750            .HS FFFF7F3F1F0F0713   9C       1F
2E85- AA AA AA
2E88- EA FA FA
2E8B- FE FF     2760            .HS AAAAAAEAFAFAFEFF   9D       3E
2E8D- 3D 7E FF
2E90- FF FF FF
2E93- FF FF     2770            .HS 3D7EFFFFFFFFFFFF   9E       99
2E95- 00 00 00
2E98- 00 01 03
2E9B- 03 07     2780            .HS 0000000001030307   9F       98
2E9D- FF FF FF
2EA0- FF FF BF
2EA3- AF AB     2790            .HS FFFFFFFFFFBFAFAB   A0       38
2EA5- BF AF AB
2EA8- AA AA AA
2EAB- AA AA     2800            .HS BFAFABAAAAAAAAAA   A1       14
2EAD- FF FF FF
2EB0- FF FF BF
2EB3- DF EF     2810            .HS FFFFFFFFFFBFDFEF   A2       48
2EB5- AA EA EA
2EB8- FA FA FE
2EBB- FF FF     2820            .HS AAEAEAFAFAFEFFFF   A3       3F
2EBD- 07 0F 0F
2EC0- 1F 3F 3F
2EC3- 7F 7F     2830            .HS 070F0F1F3F3F7F7F   A4       9B
2EC5- FF FF FF
2EC8- FF FF FF
2ECB- BF AF     2840            .HS FFFFFFFFFFFFBFAF   A5       39
2ECD- FF FF BF
2ED0- AF AB AA
2ED3- AA AA     2850            .HS FFFFBFAFABAAAAAA   A6       3A
2ED5- FF FF 7F
2ED8- FF FF E7
2EDB- F1 FC     2860            .HS FFFF7FFFFFE7F1FC   A7       49
2EDD- FB FD FE
2EE0- FF FF FF
2EE3- FF FF     2870            .HS FBFDFEFFFFFFFFFF   A8       4A
2EE5- AA AA AA
2EE8- AA AA AA
2EEB- AA EA     2880            .HS AAAAAAAAAAAAAAEA   A9       11
2EED- EA EA FA
2EF0- FA FE FE
2EF3- FF FF     2890            .HS EAEAFAFAFEFEFFFF   AA       3B
2EF5- 00 00 01
2EF8- 01 03 03
2EFB- 07 07     2900            .HS 0000010103030707   AB       9C
                2910 *--------------------------------
                2920 * NUMBERS
                2930 *--------------------------------
2EFD- FF C3 99
2F00- 99 99 99
2F03- C3 FF     2940            .HS FFC399999999C3FF   AC 0
2F05- FF E7 C7
2F08- E7 E7 E7
2F0B- C3 FF     2950            .HS FFE7C7E7E7E7C3FF   AD 1
2F0D- FF C3 B9
2F10- F3 E7 CF
2F13- 81 FF     2960            .HS FFC3B9F3E7CF81FF   AE 2
2F15- FF C3 F9
2F18- E3 F9 99
2F1B- C3 FF     2970            .HS FFC3F9E3F999C3FF   AF 3
2F1D- FF 9F 9B
2F20- 9B 81 F3
2F23- F3 FF     2980            .HS FF9F9B9B81F3F3FF   B0 4
2F25- FF 81 9F
2F28- 83 F9 99
2F2B- C3 FF     2990            .HS FF819F83F999C3FF   B1 5
2F2D- FF C3 9F
2F30- 83 99 99
2F33- C3 FF     3000            .HS FFC39F839999C3FF   B2 6
2F35- FF 81 B9
2F38- F3 E7 CF
2F3B- CF FF     3010            .HS FF81B9F3E7CFCFFF   B3 7
2F3D- FF C3 99
2F40- C3 99 99
2F43- C3 FF     3020            .HS FFC399C39999C3FF   B4 8
2F45- FF C3 99
2F48- 99 C1 F9
2F4B- C3 FF     3030            .HS FFC39999C1F9C3FF   B5 9
                3040 *--------------------------------
                3050 * GAME OVER
                3060 *--------------------------------
2F4D- 7F FF E0
2F50- E3 E3 E0
2F53- FF 7F     3070            .HS 7FFFE0E3E3E0FF7F   B6
2F55- FC FC 00
2F58- F8 FC 1C
2F5B- FC F8     3080            .HS FCFC00F8FC1CFCF8   B7 G
2F5D- FF FF 00
2F60- 7F FF E0
2F63- FF 7F     3090            .HS FFFF007FFFE0FF7F   B8
2F65- F0 F8 38
2F68- F8 F8 38
2F6B- F8 FC     3100            .HS F0F838F8F838F8FC   B9 A
2F6D- E0 F0 F8
2F70- FC EF E7
2F73- E3 E0     3110            .HS E0F0F8FCEFE7E3E0   BA
2F75- 1C 3C 7C
2F78- FC DC 9C
2F7B- 1C 1C     3120            .HS 1C3C7CFCDC9C1C1C   BB M
2F7D- 7F FF E0
2F80- FF FF E0
2F83- FF 7F     3130            .HS 7FFFE0FFFFE0FF7F   BC
2F85- F8 F8 00
2F88- F8 F8 00
2F8B- F8 F8     3140            .HS F8F800F8F800F8F8   BD E
2F8D- 7F FF E0
2F90- E0 E0 E0
2F93- FF 7F     3150            .HS 7FFFE0E0E0E0FF7F   BE
2F95- F8 FC 1C
2F98- 1C 1C 1C
2F9B- FC F8     3160            .HS F8FC1C1C1C1CFCF8   BF O
2F9D- E0 F0 78
2FA0- 3C 1F 0F
2FA3- 07 03     3170            .HS E0F0783C1F0F0703   C0
2FA5- 1C 3C 78
2FA8- F0 E0 C0
2FAB- 80 00     3180            .HS 1C3C78F0E0C08000   C1 V
2FAD- FF FF E0
2FB0- E0 FF FF
2FB3- E0 E0     3190            .HS FFFFE0E0FFFFE0E0   C2
2FB5- E0 F0 70
2FB8- 70 F0 E0
2FBB- E0 70     3200            .HS E0F07070F0E0E070   C3 R
2FBD-           3210 GAMEND     .EQ *
                3220 *--------------------------------
                3230 * PLANET.SECONDARY COLORS
                3240 *--------------------------------
2FBD- 00 00     3250 PLANET.SUB.COLOR    .HS 0000   FILLER
2FBF- 0A        3260                     .DA #LT.RED
2FC0- 00 00     3270                     .HS 0000
2FC2- 0D        3280                     .DA #LT.GREEN
2FC3- 0E        3290                     .DA #LT.BLUE
2FC4- 08        3300                     .DA #ORANGE
                3310 *--------------------------------
                3320 * SOUND TABLES
                3330 *--------------------------------
2FC5- E8 35     3340 WARNING.FRQ         .HS E835
2FC7- 20 1C     3350                     .HS 201C
2FC9- 09 58 41
2FCC- 28        3360 INTO.PLANET.TBL     .HS 09584128
2FCD- 00 00 40
2FD0- 01        3370                     .HS 00004001
2FD1- 09 58 41
2FD4- 08        3380                     .HS 09584108
2FD5- 00 00 40
2FD8- 01        3390                     .HS 00004001
2FD9- 09 58 41
2FDC- 08        3400                     .HS 09584108
2FDD- 00 00 40
2FE0- 01        3410                     .HS 00004001
2FE1- 0E 08 41
2FE4- 18        3420                     .HS 0E084118
2FE5- 00 00 04
2FE8- 01        3430                     .HS 00000401
2FE9- FF        3440                     .HS FF
2FEA- 10 DE 41
2FED- 02        3450 MAN.SOUND.TBL       .HS 10DE4102
2FEE- 11 DE 41
2FF1- 02        3460                     .HS 11DE4102
2FF2- 12 DE 41
2FF5- 02        3470                     .HS 12DE4102
2FF6- 13 DE 41
2FF9- 02        3480                     .HS 13DE4102
2FFA- 14 DE 41
2FFD- 02        3490                     .HS 14DE4102
2FFE- 15 DE 41
3001- 02        3500                     .HS 15DE4102
3002- 00 00 04
3005- 01        3510                     .HS 00000401
3006- FF        3520                     .HS FF
3007- 13 E8 41
300A- 04        3530 SAUCER.SOUND.TBL    .HS 13E84104
300B- 00 00 04
300E- 01        3540                     .HS 00000401
300F- FF        3550                     .HS FF
3010- 00 00 41
3013- 10        3560 RING.SOUND.TBL      .HS 00004110
3014- 00 00 04
3017- 01        3570                     .HS 00000401
3018- FF        3580                     .HS FF
3019- 03 EE 81
301C- 40        3590 BLOWUP.SOUND.TBL    .HS 03EE8140
301D- 03 EE 81
3020- 40        3600                     .HS 03EE8140
3021- 00 00 04
3024- 01        3610                     .HS 00000401
3025- FF        3620 STOP.SOUND          .HS FF
                3630 *--------------------------------
                3640 * SHIP VELOCITY TABLE
                3650 *--------------------------------
3026- 05 05 06
3029- 06 07 07
302C- 08 08     3660 VEL.SUB.TABLE       .HS 0505060607070808
302E- 09 09 0A
3031- 0A 0B 0B
3034- 0C 0C     3670                     .HS 09090A0A0B0B0C0C
                1170        .IN MOON.SHAPES.2,D1
                1000 *--------------------------------
                1010 * FILE>MOON.SHAPES.2
                1020 * UNIVERSE SCREEN CHAR DATA TABLE
                1030 *--------------------------------
3036- 00 00 00
3039- 51 00 00
303C- 00 00     1040 UNIV.SCR   .HS 0000005100000000
303E- 00 00 00
3041- 00 00 00
3044- 51 00     1050            .HS 0000000000005100
3046- 00 00 51
3049- 00 00 00
304C- 00 00     1060            .HS 0000510000000000
304E- 00 00 00
3051- 00 00 00
3054- 51 51     1070            .HS 0000000000005151
3056- 00 00 00
3059- 51 00 00
305C- 00 00     1080            .HS 0000005100000000
305E- 00 00 00
3061- 00 00 00
3064- 00 51     1090            .HS 0000000000000051
3066- 00 00 00
3069- 00 00 00
306C- 00 00     1100            .HS 0000000000000000
306E- 00 00 00
3071- 00 00 00
3074- 00 00     1110            .HS 0000000000000000
3076- 00 00 00
3079- 00 00 51
307C- 51 00     1120            .HS 0000000000515100
307E- 00 00 00
3081- 00 51 00
3084- 00 00     1130            .HS 0000000051000000
3086- 51 00 00
3089- 00 00 00
308C- 00 00     1140            .HS 5100000000000000
308E- 00 00 00
3091- 00 00 00
3094- 00 00     1150            .HS 0000000000000000
3096- 51 00 00
3099- 00 00 00
309C- 00 51     1160            .HS 5100000000000051
309E- 00 00 00
30A1- 51 00 20
30A4- 1E 1E     1170            .HS 0000005100201E1E
30A6- 1E 57 55
30A9- 00 00 00
30AC- 00 00     1180            .HS 1E57550000000000
30AE- 00 00 00
30B1- 00 00 00
30B4- 00 00     1190            .HS 0000000000000000
30B6- 00 00 00
30B9- 00 00 00
30BC- 00 00     1200            .HS 0000000000000000
30BE- 00 00 00
30C1- 00 00 00
30C4- 00 00     1210            .HS 0000000000000000
30C6- 00 00 00
30C9- 00 57 57
30CC- 00 00     1220            .HS 0000000057570000
30CE- 00 00 43
30D1- 00 00 00
30D4- 00 00     1230            .HS 0000430000000000
30D6- 00 00 00
30D9- 00 23 24
30DC- 00 00     1240            .HS 0000000023240000
30DE- 1F 1E 1E
30E1- 1E 00 00
30E4- 00 00     1250            .HS 1F1E1E1E00000000
30E6- 00 00 51
30E9- 00 00 00
30EC- 00 00     1260            .HS 0000510000000000
30EE- 00 00 00
30F1- 51 54 4D
30F4- 4A 4B     1270            .HS 00000051544D4A4B
30F6- 57 00 25
30F9- 26 27 00
30FC- 00 00     1280            .HS 5700252627000000
30FE- 51 00 00
3101- 00 00 00
3104- 00 57     1290            .HS 5100000000000057
3106- 00 57 00
3109- 43 00 00
310C- 00 00     1300            .HS 0057004300000000
310E- 00 00 00
3111- 00 00 00
3114- 00 00     1310            .HS 0000000000000000
3116- 00 00 00
3119- 51 4E 4E
311C- 58 56     1320            .HS 000000514E4E5856
311E- 52 57 28
3121- 29 2A 00
3124- 00 00     1330            .HS 525728292A000000
3126- 00 00 00
3129- 00 00 00
312C- 4D 54     1340            .HS 0000000000004D54
312E- 54 44 45
3131- 00 51 00
3134- 00 00     1350            .HS 5444450051000000
3136- 00 00 00
3139- 00 00 00
313C- 51 00     1360            .HS 0000000000005100
313E- 00 00 00
3141- 00 59 51
3144- 57 51     1370            .HS 0000000059515751
3146- 00 57 00
3149- 00 00 43
314C- 00 00     1380            .HS 0057000000430000
314E- 00 00 51
3151- 00 00 4E
3154- 4E 56     1390            .HS 00005100004E4E56
3156- 52 54 4F
3159- 00 51 00
315C- 00 00     1400            .HS 52544F0051000000
315E- 51 00 00
3161- 00 00 00
3164- 00 00     1410            .HS 5100000000000000
3166- 00 51 00
3169- 00 00 00
316C- 43 00     1420            .HS 0051000000004300
316E- 00 00 00
3171- 00 00 00
3174- 00 00     1430            .HS 0000000000000000
3176- 00 4C 00
3179- 51 00 00
317C- 57 59     1440            .HS 004C005100005759
317E- 57 00 51
3181- 51 00 00
3184- 00 00     1450            .HS 5700515100000000
3186- 00 00 43
3189- 00 00 00
318C- 00 51     1460            .HS 0000430000000051
318E- 00 00 00
3191- 00 00 00
3194- 00 00     1470            .HS 0000000000000000
3196- 00 00 00
3199- 00 00 00
319C- 51 00     1480            .HS 0000000000005100
319E- 00 00 00
31A1- 43 00 51
31A4- 00 00     1490            .HS 0000004300510000
31A6- 57 51 51
31A9- 00 00 00
31AC- 00 00     1500            .HS 5751510000000000
31AE- 00 00 00
31B1- 00 00 00
31B4- 00 00     1510            .HS 0000000000000000
31B6- 00 00 51
31B9- 51 00 00
31BC- 00 00     1520            .HS 0000515100000000
31BE- 00 00 00
31C1- 00 51 00
31C4- 00 00     1530            .HS 0000000051000000
31C6- 00 00 00
31C9- 00 00 00
31CC- 00 00     1540            .HS 0000000000000000
31CE- 00 00 00
31D1- 00 00 00
31D4- 00 00     1550            .HS 0000000000000000
31D6- 00 00 00
31D9- 00 00 00
31DC- 00 00     1560            .HS 0000000000000000
31DE- 00 00 00
31E1- 00 00 00
31E4- 00 00     1570            .HS 0000000000000000
31E6- 51 00 00
31E9- 00 00 00
31EC- 00 00     1580            .HS 5100000000000000
31EE- 51 00 00
31F1- 51 00 51
31F4- 00 00     1590            .HS 5100005100510000
31F6- 00 00 00
31F9- 00 00 00
31FC- 51 00     1600            .HS 0000000000005100
31FE- 00 00 51
3201- 00 00 00
3204- 00 51     1610            .HS 0000510000000051
3206- 00 00 00
3209- 00 00 00
320C- 00 00     1620            .HS 0000000000000000
320E- 00 00 00
3211- 00 00 00
3214- 51 00     1630            .HS 0000000000005100
3216- 00 00 00
3219- 00 00 00
321C- 00 00     1640            .HS 0000000000000000
321E- 51 00 00
3221- 00 00 51
3224- 00 00     1650            .HS 5100000000510000
3226- 00 00 00
3229- 00 00 00
322C- 00 00     1660            .HS 0000000000000000
322E- 22 1E 1E
3231- 1E 00 00
3234- 00 00     1670            .HS 221E1E1E00000000
3236- 00 00 00
3239- 51 00 00
323C- 00 00     1680            .HS 0000005100000000
323E- 00 51 00
3241- 00 00 51
3244- 00 00     1690            .HS 0051000000510000
3246- 00 00 00
3249- 00 00 00
324C- 00 00     1700            .HS 0000000000000000
324E- 00 00 00
3251- 00 00 00
3254- 00 00     1710            .HS 0000000000000000
3256- 51 57 51
3259- 00 00 51
325C- 00 00     1720            .HS 5157510000510000
325E- 00 51 00
3261- 00 00 00
3264- 00 51     1730            .HS 0051000000000051
3266- 00 00 00
3269- 51 00 00
326C- 21 1E     1740            .HS 000000510000211E
326E- 1E 1E 00
3271- 00 00 00
3274- 00 00     1750            .HS 1E1E000000000000
3276- 00 00 00
3279- 51 00 00
327C- 54 4D     1760            .HS 000000510000544D
327E- 48 49 52
3281- 50 00 00
3284- 43 00     1770            .HS 4849525000004300
3286- 00 00 00
3289- 00 00 00
328C- 00 00     1780            .HS 0000000000000000
328E- 51 00 00
3291- 00 00 00
3294- 00 51     1790            .HS 5100000000000051
3296- 00 00 00
3299- 00 51 00
329C- 00 00     1800            .HS 0000000051000000
329E- 43 51 00
32A1- 00 00 00
32A4- 58 4E     1810            .HS 435100000000584E
32A6- 56 57 4F
32A9- 57 00 00
32AC- 00 00     1820            .HS 56574F5700000000
32AE- 00 00 00
32B1- 00 00 00
32B4- 51 00     1830            .HS 0000000000005100
32B6- 00 00 00
32B9- 00 41 42
32BC- 57 43     1840            .HS 0000000041425743
32BE- 51 55 00
32C1- 51 00 51
32C4- 00 00     1850            .HS 5155005100510000
32C6- 00 00 00
32C9- 00 00 00
32CC- 57 51     1860            .HS 0000000000005751
32CE- 51 51 57
32D1- 55 00 00
32D4- 51 00     1870            .HS 5151575500005100
32D6- 00 51 00
32D9- 00 51 00
32DC- 00 00     1880            .HS 0051000051000000
32DE- 00 00 51
32E1- 00 00 54
32E4- 44 46     1890            .HS 0000510000544446
32E6- 47 52 50
32E9- 51 51 00
32EC- 00 00     1900            .HS 4752505151000000
32EE- 00 00 00
32F1- 51 00 00
32F4- 57 51     1910            .HS 0000005100005751
32F6- 51 57 00
32F9- 43 51 00
32FC- 00 00     1920            .HS 5157004351000000
32FE- 00 00 00
3301- 00 00 00
3304- 00 00     1930            .HS 0000000000000000
3306- 00 00 00
3309- 00 00 56
330C- 4E 57     1940            .HS 0000000000564E57
330E- 56 4F 00
3311- 57 00 00
3314- 51 00     1950            .HS 564F005700005100
3316- 51 00 00
3319- 00 00 00
331C- 00 00     1960            .HS 5100000000000000
331E- 00 00 51
3321- 00 00 00
3324- 00 00     1970            .HS 0000510000000000
3326- 00 51 51
3329- 00 00 00
332C- 00 51     1980            .HS 0051510000000051
332E- 00 51 00
3331- 00 43 57
3334- 58 57     1990            .HS 0051000043575857
3336- 51 57 00
3339- 00 51 00
333C- 00 00     2000            .HS 5157000051000000
333E- 00 00 00
3341- 00 00 4C
3344- 00 51     2010            .HS 00000000004C0051
3346- 00 00 00
3349- 00 2B 2C
334C- 2D 2E     2020            .HS 000000002B2C2D2E
334E- 2F 43 00
3351- 00 00 00
3354- 00 00     2030            .HS 2F43000000000000
3356- 00 00 00
3359- 00 00 57
335C- 00 51     2040            .HS 0000000000570051
335E- 57 00 51
3361- 00 00 00
3364- 51 00     2050            .HS 5700510000005100
3366- 00 00 00
3369- 00 00 00
336C- 00 00     2060            .HS 0000000000000000
336E- 00 51 00
3371- 30 31 32
3374- 33 34     2070            .HS 0051003031323334
3376- 35 36 00
3379- 00 51 00
337C- 00 51     2080            .HS 3536000051000051
337E- 06 05 04
3381- 03 02 02
3384- 01 01     2090            .HS 0605040302020101
3386- 01 01 01
3389- 01 01 01
338C- 01 01     2100            .HS 0101010101010101
338E- 01 01 01
3391- 01 01 01
3394- 01 01     2110            .HS 0101010101010101
3396- 01 01 01
3399- 01 01 01
339C- 01 01     2120            .HS 0101010101010101
339E- 01 01 02
33A1- 02 03 04
33A4- 05 07     2130            .HS 0101020203040507
33A6- 31 08 31
33A9- 09 0A 0A
33AC- 0A 0B     2140            .HS 310831090A0A0A0B
33AE- 31 09 0A
33B1- 0A 0A 0B
33B4- 31 31     2150            .HS 31090A0A0A0B3131
33B6- 09 0A 0A
33B9- 0A 0A 0A
33BC- 0A 0A     2160            .HS 090A0A0A0A0A0A0A
33BE- 0A 0B 31
33C1- 31 31 31
33C4- 31 31     2170            .HS 0A0B313131313131
33C6- 09 0A 0A
33C9- 0A 0B 31
33CC- 08 31     2180            .HS 090A0A0A0B310831
33CE- 02 08 02
33D1- 0F 10 11
33D4- 12 13     2190            .HS 0208020F10111213
33D6- 02 17 18
33D9- 19 1A 1B
33DC- 02 02     2200            .HS 021718191A1B0202
33DE- 0C 0D 0D
33E1- 0D 0D 0D
33E4- 0D 0D     2210            .HS 0C0D0D0D0D0D0D0D
33E6- 0D 0E 02
33E9- 02 02 02
33EC- 02 02     2220            .HS 0D0E020202020202
33EE- 0F 14 15
33F1- 16 13 02
33F4- 08 02     2230            .HS 0F14151613020802
33F6- 31 08 31
33F9- 0C 0D 0D
33FC- 0D 0E     2240            .HS 3108310C0D0D0D0E
33FE- 31 0C 0D
3401- 0D 0D 0E
3404- 31 31     2250            .HS 310C0D0D0D0E3131
3406- 31 31 31
3409- 31 31 31
340C- 31 31     2260            .HS 3131313131313131
340E- 31 31 31
3411- 31 31 31
3414- 31 31     2270            .HS 3131313131313131
3416- 0C 0D 0D
3419- 0D 0E 31
341C- 08 31     2280            .HS 0C0D0D0D0E310831
341E- 00 00 00
3421- 00 00 00
3424- 00 00     2290            .HS 0000000000000000
3426- 00 00 00
3429- 00 00 00
342C- 00 00     2300            .HS 0000000000000000
                2310 *--------------------------------
                2320 * UNIVERSE SCREEN ATTRIBUTES TABLE
                2330 *--------------------------------
342E- 00 00 00
3431- 03 00 00
3434- 00 00     2340 UNIV.ATR   .HS 0000000300000000
3436- 00 00 00
3439- 00 00 00
343C- 04 00     2350            .HS 0000000000000400
343E- 00 00 03
3441- 00 00 00
3444- 00 00     2360            .HS 0000030000000000
3446- 00 00 00
3449- 00 00 00
344C- 01 01     2370            .HS 0000000000000101
344E- 00 00 00
3451- 01 00 00
3454- 00 00     2380            .HS 0000000100000000
3456- 00 00 00
3459- 00 00 00
345C- 00 04     2390            .HS 0000000000000004
345E- 00 00 00
3461- 00 00 00
3464- 00 00     2400            .HS 0000000000000000
3466- 00 00 00
3469- 00 00 00
346C- 00 00     2410            .HS 0000000000000000
346E- 00 00 00
3471- 00 00 01
3474- 01 00     2420            .HS 0000000000010100
3476- 00 00 00
3479- 00 01 00
347C- 00 00     2430            .HS 0000000001000000
347E- 04 00 00
3481- 00 00 00
3484- 00 00     2440            .HS 0400000000000000
3486- 00 00 00
3489- 00 00 00
348C- 00 00     2450            .HS 0000000000000000
348E- 03 00 00
3491- 00 00 00
3494- 00 03     2460            .HS 0300000000000003
3496- 00 00 00
3499- 01 00 07
349C- 07 07     2470            .HS 0000000100070707
349E- 07 03 03
34A1- 00 00 00
34A4- 00 00     2480            .HS 0703030000000000
34A6- 00 00 00
34A9- 00 00 00
34AC- 00 00     2490            .HS 0000000000000000
34AE- 00 00 00
34B1- 00 00 00
34B4- 00 00     2500            .HS 0000000000000000
34B6- 00 00 00
34B9- 00 00 00
34BC- 00 00     2510            .HS 0000000000000000
34BE- 00 00 00
34C1- 00 03 03
34C4- 00 00     2520            .HS 0000000003030000
34C6- 00 00 03
34C9- 00 00 00
34CC- 00 00     2530            .HS 0000030000000000
34CE- 00 00 00
34D1- 00 01 01
34D4- 00 00     2540            .HS 0000000001010000
34D6- 07 07 07
34D9- 07 00 00
34DC- 00 00     2550            .HS 0707070700000000
34DE- 00 00 05
34E1- 00 00 00
34E4- 00 00     2560            .HS 0000050000000000
34E6- 00 00 00
34E9- 03 03 03
34EC- 01 01     2570            .HS 0000000303030101
34EE- 03 00 07
34F1- 07 07 00
34F4- 00 00     2580            .HS 0300070707000000
34F6- 04 00 00
34F9- 00 00 00
34FC- 00 03     2590            .HS 0400000000000003
34FE- 00 03 00
3501- 03 00 00
3504- 00 00     2600            .HS 0003000300000000
3506- 00 00 00
3509- 00 00 00
350C- 00 00     2610            .HS 0000000000000000
350E- 00 00 00
3511- 03 03 03
3514- 03 03     2620            .HS 0000000303030303
3516- 03 03 07
3519- 07 07 00
351C- 00 00     2630            .HS 0303070707000000
351E- 00 00 00
3521- 00 00 00
3524- 03 03     2640            .HS 0000000000000303
3526- 03 01 01
3529- 00 04 00
352C- 00 00     2650            .HS 0301010004000000
352E- 00 00 00
3531- 00 00 00
3534- 03 00     2660            .HS 0000000000000300
3536- 00 00 00
3539- 00 03 01
353C- 03 03     2670            .HS 0000000003010303
353E- 00 03 00
3541- 00 00 05
3544- 00 00     2680            .HS 0003000000050000
3546- 00 00 04
3549- 00 00 04
354C- 03 03     2690            .HS 0000040000040303
354E- 03 03 03
3551- 00 03 00
3554- 00 00     2700            .HS 0303030003000000
3556- 03 00 00
3559- 00 00 00
355C- 00 00     2710            .HS 0300000000000000
355E- 00 03 00
3561- 00 00 00
3564- 03 00     2720            .HS 0003000000000300
3566- 00 00 00
3569- 00 00 00
356C- 00 00     2730            .HS 0000000000000000
356E- 00 07 00
3571- 04 00 00
3574- 03 03     2740            .HS 0007000400000303
3576- 03 00 03
3579- 04 00 00
357C- 00 00     2750            .HS 0300030400000000
357E- 00 00 07
3581- 00 00 00
3584- 00 05     2760            .HS 0000070000000005
3586- 00 00 00
3589- 00 00 00
358C- 00 00     2770            .HS 0000000000000000
358E- 00 00 00
3591- 00 00 00
3594- 05 00     2780            .HS 0000000000000500
3596- 00 00 00
3599- 07 00 03
359C- 00 00     2790            .HS 0000000700030000
359E- 03 03 03
35A1- 00 00 00
35A4- 00 00     2800            .HS 0303030000000000
35A6- 00 00 00
35A9- 00 00 00
35AC- 00 00     2810            .HS 0000000000000000
35AE- 00 00 03
35B1- 03 00 00
35B4- 00 00     2820            .HS 0000030300000000
35B6- 00 00 00
35B9- 00 03 00
35BC- 00 00     2830            .HS 0000000003000000
35BE- 00 00 00
35C1- 00 00 00
35C4- 00 00     2840            .HS 0000000000000000
35C6- 00 00 00
35C9- 00 00 00
35CC- 00 00     2850            .HS 0000000000000000
35CE- 00 00 00
35D1- 00 00 00
35D4- 00 00     2860            .HS 0000000000000000
35D6- 00 00 00
35D9- 00 00 00
35DC- 00 00     2870            .HS 0000000000000000
35DE- 05 00 00
35E1- 00 00 00
35E4- 00 00     2880            .HS 0500000000000000
35E6- 05 00 00
35E9- 03 00 03
35EC- 00 00     2890            .HS 0500000300030000
35EE- 00 00 00
35F1- 00 00 00
35F4- 04 00     2900            .HS 0000000000000400
35F6- 00 00 03
35F9- 00 00 00
35FC- 00 05     2910            .HS 0000030000000005
35FE- 00 00 00
3601- 00 00 00
3604- 00 00     2920            .HS 0000000000000000
3606- 00 00 00
3609- 00 00 00
360C- 03 00     2930            .HS 0000000000000300
360E- 00 00 00
3611- 00 00 00
3614- 00 00     2940            .HS 0000000000000000
3616- 03 00 00
3619- 00 00 03
361C- 00 00     2950            .HS 0300000000030000
361E- 00 00 00
3621- 00 00 00
3624- 00 00     2960            .HS 0000000000000000
3626- 07 07 07
3629- 07 00 00
362C- 00 00     2970            .HS 0707070700000000
362E- 00 00 00
3631- 03 00 00
3634- 00 00     2980            .HS 0000000300000000
3636- 00 03 00
3639- 00 00 05
363C- 00 00     2990            .HS 0003000000050000
363E- 00 00 00
3641- 00 00 00
3644- 00 00     3000            .HS 0000000000000000
3646- 00 00 00
3649- 00 00 00
364C- 00 00     3010            .HS 0000000000000000
364E- 03 03 03
3651- 00 00 03
3654- 00 00     3020            .HS 0303030000030000
3656- 00 03 00
3659- 00 00 00
365C- 00 05     3030            .HS 0003000000000005
365E- 00 00 00
3661- 03 00 00
3664- 07 07     3040            .HS 0000000300000707
3666- 07 07 00
3669- 00 00 00
366C- 00 00     3050            .HS 0707000000000000
366E- 00 00 00
3671- 03 00 00
3674- 03 03     3060            .HS 0000000300000303
3676- 01 01 03
3679- 03 00 00
367C- 07 00     3070            .HS 0101030300000700
367E- 00 00 00
3681- 00 00 00
3684- 00 00     3080            .HS 0000000000000000
3686- 04 00 00
3689- 00 00 00
368C- 00 03     3090            .HS 0400000000000003
368E- 00 00 00
3691- 00 03 00
3694- 00 00     3100            .HS 0000000003000000
3696- 03 03 00
3699- 00 00 00
369C- 03 03     3110            .HS 0303000000000303
369E- 03 03 03
36A1- 03 00 00
36A4- 00 00     3120            .HS 0303030300000000
36A6- 00 00 00
36A9- 00 00 00
36AC- 03 00     3130            .HS 0000000000000300
36AE- 00 00 00
36B1- 00 06 06
36B4- 03 07     3140            .HS 0000000006060307
36B6- 03 03 00
36B9- 03 00 03
36BC- 00 00     3150            .HS 0303000300030000
36BE- 00 00 00
36C1- 00 00 00
36C4- 03 03     3160            .HS 0000000000000303
36C6- 03 03 03
36C9- 03 00 00
36CC- 03 00     3170            .HS 0303030300000300
36CE- 00 01 00
36D1- 00 03 00
36D4- 00 00     3180            .HS 0001000003000000
36D6- 00 00 03
36D9- 00 00 03
36DC- 01 01     3190            .HS 0000030000030101
36DE- 01 03 03
36E1- 03 01 00
36E4- 00 00     3200            .HS 0103030301000000
36E6- 00 00 00
36E9- 03 00 00
36EC- 03 03     3210            .HS 0000000300000303
36EE- 03 03 00
36F1- 07 01 00
36F4- 00 00     3220            .HS 0303000701000000
36F6- 00 00 00
36F9- 00 00 00
36FC- 00 00     3230            .HS 0000000000000000
36FE- 00 00 00
3701- 00 00 03
3704- 03 03     3240            .HS 0000000000030303
3706- 03 03 00
3709- 03 00 00
370C- 03 00     3250            .HS 0303000300000300
370E- 03 00 00
3711- 00 00 00
3714- 00 00     3260            .HS 0300000000000000
3716- 00 00 03
3719- 00 00 00
371C- 00 00     3270            .HS 0000030000000000
371E- 00 03 03
3721- 00 00 00
3724- 00 05     3280            .HS 0003030000000005
3726- 00 03 00
3729- 00 05 03
372C- 03 03     3290            .HS 0003000005030303
372E- 03 03 00
3731- 00 01 00
3734- 00 00     3300            .HS 0303000001000000
3736- 00 00 00
3739- 00 00 04
373C- 00 03     3310            .HS 0000000000040003
373E- 00 00 00
3741- 00 05 05
3744- 05 05     3320            .HS 0000000005050505
3746- 05 03 00
3749- 00 00 00
374C- 00 00     3330            .HS 0503000000000000
374E- 00 00 00
3751- 00 00 03
3754- 00 01     3340            .HS 0000000000030001
3756- 03 00 01
3759- 00 00 00
375C- 03 00     3350            .HS 0300010000000300
375E- 00 00 00
3761- 00 00 00
3764- 00 00     3360            .HS 0000000000000000
3766- 00 01 00
3769- 05 05 05
376C- 05 05     3370            .HS 0001000505050505
376E- 05 05 00
3771- 00 01 00
3774- 00 03     3380            .HS 0505000001000003
3776- 01 01 01
3779- 01 01 01
377C- 01 01     3390            .HS 0101010101010101
377E- 01 01 01
3781- 01 01 01
3784- 01 01     3400            .HS 0101010101010101
3786- 01 01 01
3789- 01 01 01
378C- 01 01     3410            .HS 0101010101010101
378E- 01 01 01
3791- 01 01 01
3794- 01 01     3420            .HS 0101010101010101
3796- 01 01 01
3799- 01 01 01
379C- 01 01     3430            .HS 0101010101010101
379E- 01 07 01
37A1- 05 05 05
37A4- 05 05     3440            .HS 0107010505050505
37A6- 01 05 05
37A9- 05 05 05
37AC- 01 01     3450            .HS 0105050505050101
37AE- 06 06 06
37B1- 06 06 06
37B4- 06 06     3460            .HS 0606060606060606
37B6- 06 06 01
37B9- 01 01 01
37BC- 01 01     3470            .HS 0606010101010101
37BE- 05 05 05
37C1- 05 05 01
37C4- 07 01     3480            .HS 0505050505010701
37C6- 01 07 01
37C9- 05 05 05
37CC- 05 05     3490            .HS 0107010505050505
37CE- 01 05 05
37D1- 05 05 05
37D4- 01 01     3500            .HS 0105050505050101
37D6- 06 06 06
37D9- 06 06 06
37DC- 06 06     3510            .HS 0606060606060606
37DE- 06 06 01
37E1- 01 01 01
37E4- 01 01     3520            .HS 0606010101010101
37E6- 05 05 05
37E9- 05 05 01
37EC- 07 01     3530            .HS 0505050505010701
37EE- 01 07 01
37F1- 05 05 05
37F4- 05 05     3540            .HS 0107010505050505
37F6- 01 05 05
37F9- 05 05 05
37FC- 01 01     3550            .HS 0105050505050101
37FE- 01 01 01
3801- 01 01 01
3804- 01 01     3560            .HS 0101010101010101
3806- 01 01 01
3809- 01 01 01
380C- 01 01     3570            .HS 0101010101010101
380E- 05 05 05
3811- 05 05 01
3814- 07 01     3580            .HS 0505050505010701
3816- 00 00 00
3819- 00 00 00
381C- 00 00     3590            .HS 0000000000000000
381E- 00 00 00
3821- 00 00 00
3824- 00 00     3600            .HS 0000000000000000
                3610 *--------------------------------
                3620 * ORBIT SCREEN CHAR DATA TABLE
                3630 *--------------------------------
3826- 4F 4F 51
3829- 52 00 00
382C- 00 00     3640 ORBIT.SCR  .HS 4F4F515200000000
382E- 00 00 00
3831- 00 51 00
3834- 00 00     3650            .HS 0000000051000000
3836- 51 00 00
3839- 00 00 51
383C- 00 00     3660            .HS 5100000000510000
383E- 00 00 00
3841- 00 00 00
3844- 00 51     3670            .HS 0000000000000051
3846- 55 55 53
3849- 53 00 51
384C- 00 00     3680            .HS 5555535300510000
384E- 4C 00 4F
3851- 57 00 57
3854- 57 57     3690            .HS 4C004F5700575757
3856- 00 00 57
3859- 00 00 00
385C- 00 00     3700            .HS 0000570000000000
385E- 2B 2C 2D
3861- 2E 2F 00
3864- 00 00     3710            .HS 2B2C2D2E2F000000
3866- 00 4C 00
3869- 00 52 55
386C- 55 00     3720            .HS 004C000052555500
386E- 00 52 00
3871- 51 00 00
3874- 00 00     3730            .HS 0052005100000000
3876- 00 00 00
3879- 00 57 00
387C- 51 00     3740            .HS 0000000057005100
387E- 57 00 51
3881- 00 00 51
3884- 51 30     3750            .HS 5700510000515130
3886- 31 32 31
3889- 34 35 36
388C- 51 51     3760            .HS 3132313435365151
388E- 00 00 00
3891- 00 53 53
3894- 53 00     3770            .HS 0000000053535300
3896- 53 41 42
3899- 00 00 00
389C- 00 51     3780            .HS 5341420000000051
389E- 00 51 00
38A1- 00 00 57
38A4- 00 57     3790            .HS 0051000000570057
38A6- 57 00 00
38A9- 51 00 00
38AC- 00 37     3800            .HS 5700005100000037
38AE- 38 39 3A
38B1- 3B 3C 3C
38B4- 00 51     3810            .HS 38393A3B3C3C0051
38B6- 00 00 56
38B9- 56 55 00
38BC- 00 00     3820            .HS 0000565655000000
38BE- 00 00 00
38C1- 00 53 00
38C4- 00 00     3830            .HS 0000000053000000
38C6- 00 00 00
38C9- 00 51 00
38CC- 00 00     3840            .HS 0000000051000000
38CE- 51 51 4C
38D1- 00 51 51
38D4- 00 00     3850            .HS 51514C0051510000
38D6- 3D 3E 31
38D9- 5A 40 51
38DC- 00 00     3860            .HS 3D3E315A40510000
38DE- 00 56 55
38E1- 52 53 00
38E4- 00 00     3870            .HS 0056555253000000
38E6- 00 51 00
38E9- 00 53 51
38EC- 00 00     3880            .HS 0051000053510000
38EE- 00 00 00
38F1- 00 00 51
38F4- 00 00     3890            .HS 0000000000510000
38F6- 00 57 00
38F9- 00 00 00
38FC- 51 00     3900            .HS 0057000000005100
38FE- 51 00 00
3901- 00 00 00
3904- 00 00     3910            .HS 5100000000000000
3906- 56 57 00
3909- 00 00 00
390C- 00 4C     3920            .HS 565700000000004C
390E- 00 00 00
3911- 52 00 00
3914- 00 00     3930            .HS 0000005200000000
3916- 00 51 51
3919- 00 51 51
391C- 00 00     3940            .HS 0051510051510000
391E- 00 00 00
3921- 00 00 00
3924- 51 00     3950            .HS 0000000000005100
3926- 00 00 00
3929- 00 51 51
392C- 53 56     3960            .HS 0000000051515356
392E- 57 56 00
3931- 00 00 00
3934- 00 51     3970            .HS 5756000000000051
3936- 00 00 00
3939- 51 00 51
393C- 00 00     3980            .HS 0000005100510000
393E- 00 00 00
3941- 00 00 00
3944- 00 00     3990            .HS 0000000000000000
3946- 00 51 00
3949- 00 57 51
394C- 00 00     4000            .HS 0051000057510000
394E- 00 00 51
3951- 56 00 57
3954- 57 57     4010            .HS 0000515600575757
3956- 00 51 00
3959- 00 51 00
395C- 00 00     4020            .HS 0051000051000000
395E- 51 00 00
3961- 00 00 5D
3964- 5C 5B     4030            .HS 51000000005D5C5B
3966- 51 00 00
3969- 51 00 00
396C- 51 00     4040            .HS 5100005100005100
396E- 00 51 00
3971- 00 00 00
3974- 51 51     4050            .HS 0051000000005151
3976- 57 51 00
3979- 00 57 00
397C- 00 00     4060            .HS 5751000057000000
397E- 00 00 51
3981- 00 00 58
3984- 00 00     4070            .HS 0000510000580000
3986- 00 00 00
3989- 62 61 60
398C- 5F 5E     4080            .HS 0000006261605F5E
398E- 00 00 00
3991- 00 51 51
3994- 00 00     4090            .HS 0000000051510000
3996- 00 00 00
3999- 00 51 57
399C- 57 00     4100            .HS 0000000051575700
399E- 57 00 57
39A1- 00 00 00
39A4- 00 00     4110            .HS 5700570000000000
39A6- 00 00 00
39A9- 00 00 00
39AC- 51 00     4120            .HS 0000000000005100
39AE- 00 62 61
39B1- 60 5F 5E
39B4- 5E 5F     4130            .HS 006261605F5E5E5F
39B6- 51 00 00
39B9- 00 53 57
39BC- 57 57     4140            .HS 5100000053575757
39BE- 58 51 00
39C1- 00 51 00
39C4- 00 57     4150            .HS 5851000051000057
39C6- 00 58 00
39C9- 00 70 6F
39CC- 6E 6D     4160            .HS 00580000706F6E6D
39CE- 6C 6B 6A
39D1- 69 00 00
39D4- 00 68     4170            .HS 6C6B6A6900000068
39D6- 67 66 5F
39D9- 65 5F 5E
39DC- 5E 5E     4180            .HS 67665F655F5E5E5E
39DE- 00 00 51
39E1- 00 4D 51
39E4- 4A 4B     4190            .HS 000051004D514A4B
39E6- 50 53 51
39E9- 00 00 00
39EC- 00 57     4200            .HS 5053510000000057
39EE- 52 00 00
39F1- 00 7C 7B
39F4- 7A 79     4210            .HS 520000007C7B7A79
39F6- 78 77 76
39F9- 75 74 73
39FC- 72 60     4220            .HS 7877767574737260
39FE- 60 66 71
3A01- 65 5E 5E
3A04- 5E 60     4230            .HS 606671655E5E5E60
3A06- 00 57 00
3A09- 00 4E 4E
3A0C- 4E 4F     4240            .HS 005700004E4E4E4F
3A0E- 52 00 00
3A11- 00 53 00
3A14- 57 57     4250            .HS 5200000053005757
3A16- 00 51 00
3A19- 00 86 85
3A1C- 84 83     4260            .HS 0051000086858483
3A1E- 00 00 82
3A21- 81 80 7F
3A24- 65 5E     4270            .HS 00008281807F655E
3A26- 5E 7E 7D
3A29- 5E 5F 5E
3A2C- 5E 5E     4280            .HS 5E7E7D5E5F5E5E5E
3A2E- 00 00 00
3A31- 00 00 4F
3A34- 59 51     4290            .HS 00000000004F5951
3A36- 00 00 51
3A39- 52 00 00
3A3C- 57 00     4300            .HS 0000515200005700
3A3E- 00 58 00
3A41- 00 8D 5E
3A44- 5E 8C     4310            .HS 005800008D5E5E8C
3A46- 8B 00 00
3A49- 8A 89 5F
3A4C- 7D 5F     4320            .HS 8B00008A895F7D5F
3A4E- 5E 5E 5E
3A51- 60 88 5E
3A54- 65 87     4330            .HS 5E5E5E60885E6587
3A56- 51 00 51
3A59- 00 00 00
3A5C- 00 00     4340            .HS 5100510000000000
3A5E- 4C 00 00
3A61- 00 00 57
3A64- 00 00     4350            .HS 4C00000000570000
3A66- 00 00 00
3A69- 00 00 92
3A6C- 5E 5E     4360            .HS 0000000000925E5E
3A6E- 91 90 8F
3A71- 8E 60 87
3A74- 87 87     4370            .HS 91908F8E60878787
3A76- 65 65 5E
3A79- 5E 88 5E
3A7C- 5E 71     4380            .HS 65655E5E885E5E71
3A7E- 00 00 00
3A81- 51 00 51
3A84- 51 00     4390            .HS 0000005100515100
3A86- 51 57 00
3A89- 00 57 51
3A8C- 51 00     4400            .HS 5157000057515100
3A8E- 00 00 51
3A91- 00 00 69
3A94- 97 5E     4410            .HS 000051000069975E
3A96- 96 95 94
3A99- 93 87 5F
3A9C- 5E 5E     4420            .HS 96959493875F5E5E
3A9E- 5F 7D 65
3AA1- 5E 5E 65
3AA4- 88 65     4430            .HS 5F7D655E5E658865
3AA6- 00 00 00
3AA9- 00 00 00
3AAC- 51 57     4440            .HS 0000000000005157
3AAE- 51 00 51
3AB1- 00 00 00
3AB4- 00 00     4450            .HS 5100510000000000
3AB6- 00 51 00
3AB9- 00 00 00
3ABC- 69 9A     4460            .HS 005100000000699A
3ABE- 5E 5E 5E
3AC1- 99 98 5E
3AC4- 5E 5E     4470            .HS 5E5E5E99985E5E5E
3AC6- 5E 87 60
3AC9- 5F 5E 5E
3ACC- 5E 88     4480            .HS 5E87605F5E5E5E88
3ACE- 00 00 00
3AD1- 51 51 00
3AD4- 00 00     4490            .HS 0000005151000000
3AD6- 00 00 00
3AD9- 00 00 00
3ADC- 00 51     4500            .HS 0000000000000051
3ADE- 00 00 51
3AE1- 00 00 51
3AE4- 00 69     4510            .HS 0000510000510069
3AE6- 9C 5E 5E
3AE9- 5E 5E 94
3AEC- 93 5E     4520            .HS 9C5E5E5E5E94935E
3AEE- 5E 5E 5E
3AF1- 5E 9B 5E
3AF4- 5E 5E     4530            .HS 5E5E5E5E9B5E5E5E
3AF6- 00 51 00
3AF9- 00 51 00
3AFC- 00 00     4540            .HS 0051000051000000
3AFE- 00 56 00
3B01- 00 57 00
3B04- 00 00     4550            .HS 0056000057000000
3B06- 00 00 00
3B09- 00 00 00
3B0C- 00 9F     4560            .HS 000000000000009F
3B0E- 9E 9D 5E
3B11- 5E 5E 5E
3B14- 99 98     4570            .HS 9E9D5E5E5E5E9998
3B16- 5F 87 5E
3B19- 87 88 9B
3B1C- 5E 5E     4580            .HS 5F875E87889B5E5E
3B1E- 00 00 51
3B21- 00 00 00
3B24- 00 51     4590            .HS 0000510000000051
3B26- 00 00 51
3B29- 00 00 00
3B2C- 00 00     4600            .HS 0000510000000000
3B2E- 51 51 00
3B31- 00 00 00
3B34- 00 A4     4610            .HS 51510000000000A4
3B36- 5E 5E A3
3B39- 5E 5E A2
3B3C- 5E 5E     4620            .HS 5E5EA35E5EA25E5E
3B3E- A1 A0 65
3B41- 5E 5E 60
3B44- 71 5E     4630            .HS A1A0655E5E60715E
3B46- 51 00 00
3B49- 00 00 51
3B4C- 00 00     4640            .HS 5100000000510000
3B4E- 00 00 00
3B51- 00 00 51
3B54- 00 00     4650            .HS 0000000000510000
3B56- 51 00 00
3B59- 00 51 00
3B5C- AB 5E     4660            .HS 510000005100AB5E
3B5E- 87 5F 5E
3B61- AA A9 A8
3B64- 95 A7     4670            .HS 875F5EAAA9A895A7
3B66- 5E 99 A6
3B69- A5 5E 5E
3B6C- 88 66     4680            .HS 5E99A6A55E5E8866
3B6E- 06 05 04
3B71- 03 02 02
3B74- 01 01     4690            .HS 0605040302020101
3B76- 01 01 01
3B79- 01 01 01
3B7C- 01 01     4700            .HS 0101010101010101
3B7E- 01 01 01
3B81- 01 01 01
3B84- 01 01     4710            .HS 0101010101010101
3B86- 01 01 01
3B89- 01 01 01
3B8C- 01 01     4720            .HS 0101010101010101
3B8E- 01 01 02
3B91- 02 03 04
3B94- 05 07     4730            .HS 0101020203040507
3B96- 31 08 31
3B99- 09 0A 0A
3B9C- 0A 0B     4740            .HS 310831090A0A0A0B
3B9E- 31 09 0A
3BA1- 0A 0A 0B
3BA4- 31 31     4750            .HS 31090A0A0A0B3131
3BA6- 09 0A 0A
3BA9- 0A 0A 0A
3BAC- 0A 0A     4760            .HS 090A0A0A0A0A0A0A
3BAE- 0A 0B 31
3BB1- 31 31 31
3BB4- 31 31     4770            .HS 0A0B313131313131
3BB6- 09 0A 0A
3BB9- 0A 0B 31
3BBC- 08 31     4780            .HS 090A0A0A0B310831
3BBE- 02 08 02
3BC1- 0F 10 11
3BC4- 12 13     4790            .HS 0208020F10111213
3BC6- 02 17 18
3BC9- 19 1A 1B
3BCC- 02 02     4800            .HS 021718191A1B0202
3BCE- 0C 0D 0D
3BD1- 0D 0D 0D
3BD4- 0D 0D     4810            .HS 0C0D0D0D0D0D0D0D
3BD6- 0D 0E 02
3BD9- 02 02 02
3BDC- 02 02     4820            .HS 0D0E020202020202
3BDE- 0F 14 15
3BE1- 16 13 02
3BE4- 08 02     4830            .HS 0F14151613020802
3BE6- 31 08 31
3BE9- 0C 0D 0D
3BEC- 0D 0E     4840            .HS 3108310C0D0D0D0E
3BEE- 31 0C 0D
3BF1- 0D 0D 0E
3BF4- 31 31     4850            .HS 310C0D0D0D0E3131
3BF6- 31 31 31
3BF9- 31 31 31
3BFC- 31 31     4860            .HS 3131313131313131
3BFE- 31 31 31
3C01- 31 31 31
3C04- 31 31     4870            .HS 3131313131313131
3C06- 0C 0D 0D
3C09- 0D 0E 31
3C0C- 08 31     4880            .HS 0C0D0D0D0E310831
3C0E- 00 00 00
3C11- 00 00 00
3C14- 00 00     4890            .HS 0000000000000000
3C16- 00 00 00
3C19- 00 00 00
3C1C- 00 00     4900            .HS 0000000000000000
                4910 *--------------------------------
                4920 * ORBIT SCREEN ATTRIBUTES TABLE
                4930 *--------------------------------
3C1E- 01 01 03
3C21- 03 00 00
3C24- 00 00     4940 ORBIT.ATR  .HS 0101030300000000
3C26- 00 00 00
3C29- 00 03 00
3C2C- 00 00     4950            .HS 0000000003000000
3C2E- 03 00 00
3C31- 00 00 04
3C34- 00 00     4960            .HS 0300000000040000
3C36- 00 00 00
3C39- 00 00 00
3C3C- 00 03     4970            .HS 0000000000000003
3C3E- 01 01 04
3C41- 04 00 01
3C44- 00 00     4980            .HS 0101040400010000
3C46- 07 00 01
3C49- 03 00 03
3C4C- 04 04     4990            .HS 0700010300030404
3C4E- 00 00 03
3C51- 00 00 00
3C54- 00 00     5000            .HS 0000030000000000
3C56- 05 05 05
3C59- 05 05 00
3C5C- 00 00     5010            .HS 0505050505000000
3C5E- 00 04 00
3C61- 00 03 01
3C64- 01 00     5020            .HS 0004000003010100
3C66- 00 03 00
3C69- 03 00 00
3C6C- 00 00     5030            .HS 0003000300000000
3C6E- 00 00 00
3C71- 00 03 00
3C74- 03 00     5040            .HS 0000000003000300
3C76- 03 00 03
3C79- 00 00 03
3C7C- 03 05     5050            .HS 0300030000030305
3C7E- 05 05 05
3C81- 05 05 05
3C84- 03 03     5060            .HS 0505050505050303
3C86- 00 00 00
3C89- 00 03 03
3C8C- 04 00     5070            .HS 0000000003030400
3C8E- 04 06 06
3C91- 00 00 00
3C94- 00 03     5080            .HS 0406060000000003
3C96- 00 03 00
3C99- 00 00 03
3C9C- 00 04     5090            .HS 0003000000030004
3C9E- 03 00 00
3CA1- 03 00 00
3CA4- 00 05     5100            .HS 0300000300000005
3CA6- 05 05 05
3CA9- 05 05 05
3CAC- 00 03     5110            .HS 0505050505050003
3CAE- 00 00 03
3CB1- 03 01 00
3CB4- 00 00     5120            .HS 0000030301000000
3CB6- 00 00 00
3CB9- 00 04 00
3CBC- 00 00     5130            .HS 0000000004000000
3CBE- 00 00 00
3CC1- 00 03 00
3CC4- 00 00     5140            .HS 0000000003000000
3CC6- 03 03 07
3CC9- 00 03 03
3CCC- 00 00     5150            .HS 0303070003030000
3CCE- 05 05 05
3CD1- 05 05 03
3CD4- 00 00     5160            .HS 0505050505030000
3CD6- 00 03 01
3CD9- 03 03 00
3CDC- 00 00     5170            .HS 0003010303000000
3CDE- 00 03 00
3CE1- 00 04 04
3CE4- 00 00     5180            .HS 0003000004040000
3CE6- 00 00 00
3CE9- 00 00 03
3CEC- 00 00     5190            .HS 0000000000030000
3CEE- 00 04 00
3CF1- 00 00 00
3CF4- 03 00     5200            .HS 0004000000000300
3CF6- 03 00 00
3CF9- 00 00 00
3CFC- 00 00     5210            .HS 0300000000000000
3CFE- 03 03 00
3D01- 00 00 00
3D04- 00 04     5220            .HS 0303000000000004
3D06- 00 00 00
3D09- 03 00 00
3D0C- 00 00     5230            .HS 0000000300000000
3D0E- 00 03 03
3D11- 00 03 03
3D14- 00 00     5240            .HS 0003030003030000
3D16- 00 00 00
3D19- 00 00 00
3D1C- 03 00     5250            .HS 0000000000000300
3D1E- 00 00 00
3D21- 00 03 03
3D24- 03 03     5260            .HS 0000000003030303
3D26- 03 03 00
3D29- 00 00 00
3D2C- 00 03     5270            .HS 0303000000000003
3D2E- 00 00 00
3D31- 03 00 03
3D34- 00 00     5280            .HS 0000000300030000
3D36- 00 00 00
3D39- 00 00 00
3D3C- 00 00     5290            .HS 0000000000000000
3D3E- 00 03 00
3D41- 00 03 03
3D44- 00 00     5300            .HS 0003000003030000
3D46- 00 00 03
3D49- 07 00 03
3D4C- 03 03     5310            .HS 0000030700030303
3D4E- 00 03 00
3D51- 00 03 00
3D54- 00 00     5320            .HS 0003000003000000
3D56- 03 00 00
3D59- 08 00 02
3D5C- 02 02     5330            .HS 0300000800020202
3D5E- 03 00 00
3D61- 03 00 00
3D64- 03 00     5340            .HS 0300000300000300
3D66- 00 03 00
3D69- 00 00 00
3D6C- 03 03     5350            .HS 0003000000000303
3D6E- 03 03 00
3D71- 00 03 00
3D74- 00 00     5360            .HS 0303000003000000
3D76- 00 00 03
3D79- 00 00 03
3D7C- 00 00     5370            .HS 0000030000030000
3D7E- 08 00 00
3D81- 04 02 0A
3D84- 0A 02     5380            .HS 08000004020A0A02
3D86- 00 00 00
3D89- 00 04 04
3D8C- 00 00     5390            .HS 0000000004040000
3D8E- 00 00 00
3D91- 00 03 04
3D94- 04 00     5400            .HS 0000000003040400
3D96- 03 00 03
3D99- 00 00 00
3D9C- 00 00     5410            .HS 0300030000000000
3D9E- 00 00 00
3DA1- 00 00 00
3DA4- 01 00     5420            .HS 0000000000000100
3DA6- 00 04 02
3DA9- 0A 0A 02
3DAC- 02 0A     5430            .HS 0004020A0A02020A
3DAE- 04 00 00
3DB1- 00 04 03
3DB4- 03 03     5440            .HS 0400000004030303
3DB6- 03 01 00
3DB9- 00 03 00
3DBC- 00 04     5450            .HS 0301000003000004
3DBE- 00 03 00
3DC1- 00 07 07
3DC4- 07 07     5460            .HS 0003000007070707
3DC6- 07 07 07
3DC9- 07 00 00
3DCC- 00 04     5470            .HS 0707070700000004
3DCE- 04 0A 0A
3DD1- 0A 0A 02
3DD4- 02 02     5480            .HS 040A0A0A0A020202
3DD6- 00 00 03
3DD9- 00 01 01
3DDC- 01 01     5490            .HS 0000030001010101
3DDE- 03 04 01
3DE1- 00 00 00
3DE4- 00 04     5500            .HS 0304010000000004
3DE6- 03 00 00
3DE9- 00 07 07
3DEC- 07 07     5510            .HS 0300000007070707
3DEE- 07 07 07
3DF1- 07 07 07
3DF4- 02 0A     5520            .HS 070707070707020A
3DF6- 0A 0A 0A
3DF9- 0A 02 02
3DFC- 02 0A     5530            .HS 0A0A0A0A0202020A
3DFE- 00 03 00
3E01- 00 01 03
3E04- 03 01     5540            .HS 0003000001030301
3E06- 01 00 00
3E09- 00 04 00
3E0C- 04 04     5550            .HS 0100000004000404
3E0E- 00 03 00
3E11- 00 07 07
3E14- 07 07     5560            .HS 0003000007070707
3E16- 00 00 07
3E19- 07 0C 0C
3E1C- 0A 02     5570            .HS 000007070C0C0A02
3E1E- 02 0A 0A
3E21- 04 0A 02
3E24- 02 02     5580            .HS 020A0A040A020202
3E26- 00 00 00
3E29- 00 00 01
3E2C- 03 01     5590            .HS 0000000000010301
3E2E- 00 00 04
3E31- 03 00 00
3E34- 03 00     5600            .HS 0000040300000300
3E36- 00 03 00
3E39- 00 07 07
3E3C- 07 07     5610            .HS 0003000007070707
3E3E- 07 00 00
3E41- 04 04 0C
3E44- 0A 0A     5620            .HS 07000004040C0A0A
3E46- 02 02 02
3E49- 0A 0A 04
3E4C- 0A 0A     5630            .HS 0202020A0A040A0A
3E4E- 03 00 01
3E51- 01 00 00
3E54- 00 00     5640            .HS 0300010100000000
3E56- 05 00 00
3E59- 00 00 03
3E5C- 00 00     5650            .HS 0500000000030000
3E5E- 00 00 00
3E61- 00 00 07
3E64- 07 07     5660            .HS 0000000000070707
3E66- 07 07 02
3E69- 02 0A 0A
3E6C- 0A 0A     5670            .HS 070702020A0A0A0A
3E6E- 0A 0A 02
3E71- 02 0A 04
3E74- 04 0A     5680            .HS 0A0A02020A04040A
3E76- 00 00 00
3E79- 04 00 01
3E7C- 04 00     5690            .HS 0000000400010400
3E7E- 01 03 00
3E81- 00 04 03
3E84- 03 00     5700            .HS 0103000004030300
3E86- 00 00 03
3E89- 00 00 07
3E8C- 07 07     5710            .HS 0000030000070707
3E8E- 07 07 0A
3E91- 0A 0A 0A
3E94- 02 02     5720            .HS 07070A0A0A0A0202
3E96- 0A 0A 0A
3E99- 02 02 0A
3E9C- 0A 0A     5730            .HS 0A0A0A02020A0A0A
3E9E- 00 00 00
3EA1- 00 00 00
3EA4- 03 04     5740            .HS 0000000000000304
3EA6- 03 00 03
3EA9- 00 00 00
3EAC- 00 00     5750            .HS 0300030000000000
3EAE- 00 03 00
3EB1- 00 00 00
3EB4- 07 07     5760            .HS 0003000000000707
3EB6- 07 07 07
3EB9- 0A 0A 02
3EBC- 02 02     5770            .HS 0707070A0A020202
3EBE- 02 0A 0A
3EC1- 0A 02 02
3EC4- 02 0A     5780            .HS 020A0A0A0202020A
3EC6- 00 00 00
3EC9- 03 03 00
3ECC- 00 00     5790            .HS 0000000303000000
3ECE- 00 00 00
3ED1- 00 00 00
3ED4- 00 03     5800            .HS 0000000000000003
3ED6- 00 00 03
3ED9- 00 00 01
3EDC- 00 07     5810            .HS 0000030000010007
3EDE- 07 07 07
3EE1- 07 07 0A
3EE4- 0A 02     5820            .HS 07070707070A0A02
3EE6- 02 02 02
3EE9- 04 0A 02
3EEC- 02 02     5830            .HS 020202040A020202
3EEE- 00 01 00
3EF1- 00 03 00
3EF4- 00 00     5840            .HS 0001000003000000
3EF6- 00 03 00
3EF9- 00 03 00
3EFC- 00 00     5850            .HS 0003000003000000
3EFE- 00 00 00
3F01- 00 00 00
3F04- 00 02     5860            .HS 0000000000000002
3F06- 02 0A 07
3F09- 07 07 07
3F0C- 0A 0A     5870            .HS 020A070707070A0A
3F0E- 0A 0A 0A
3F11- 0A 0A 0A
3F14- 02 02     5880            .HS 0A0A0A0A0A0A0202
3F16- 00 00 01
3F19- 00 00 00
3F1C- 00 01     5890            .HS 0000010000000001
3F1E- 00 00 04
3F21- 00 00 00
3F24- 00 00     5900            .HS 0000040000000000
3F26- 03 03 00
3F29- 00 00 00
3F2C- 00 02     5910            .HS 0303000000000002
3F2E- 02 02 0A
3F31- 07 07 07
3F34- 07 07     5920            .HS 02020A0707070707
3F36- 0A 0A 0A
3F39- 02 02 0A
3F3C- 0A 02     5930            .HS 0A0A0A02020A0A02
3F3E- 03 00 00
3F41- 00 00 03
3F44- 00 00     5940            .HS 0300000000030000
3F46- 00 00 00
3F49- 00 00 03
3F4C- 00 00     5950            .HS 0000000000030000
3F4E- 01 00 00
3F51- 00 01 00
3F54- 02 02     5960            .HS 0100000001000202
3F56- 0A 0A 02
3F59- 0A 0A 07
3F5C- 07 07     5970            .HS 0A0A020A0A070707
3F5E- 07 0A 0A
3F61- 0A 02 02
3F64- 0A 0A     5980            .HS 070A0A0A02020A0A
3F66- 01 01 01
3F69- 01 01 01
3F6C- 01 01     5990            .HS 0101010101010101
3F6E- 01 01 01
3F71- 01 01 01
3F74- 01 01     6000            .HS 0101010101010101
3F76- 01 01 01
3F79- 01 01 01
3F7C- 01 01     6010            .HS 0101010101010101
3F7E- 01 01 01
3F81- 01 01 01
3F84- 01 01     6020            .HS 0101010101010101
3F86- 01 01 01
3F89- 01 01 01
3F8C- 01 01     6030            .HS 0101010101010101
3F8E- 01 07 01
3F91- 05 05 05
3F94- 05 05     6040            .HS 0107010505050505
3F96- 01 05 05
3F99- 05 05 05
3F9C- 01 01     6050            .HS 0105050505050101
3F9E- 03 03 03
3FA1- 03 03 03
3FA4- 03 03     6060            .HS 0303030303030303
3FA6- 03 03 01
3FA9- 01 01 01
3FAC- 01 01     6070            .HS 0303010101010101
3FAE- 05 05 05
3FB1- 05 05 01
3FB4- 07 01     6080            .HS 0505050505010701
3FB6- 01 07 01
3FB9- 05 05 05
3FBC- 05 05     6090            .HS 0107010505050505
3FBE- 01 05 05
3FC1- 05 05 05
3FC4- 01 01     6100            .HS 0105050505050101
3FC6- 03 03 03
3FC9- 03 03 03
3FCC- 03 03     6110            .HS 0303030303030303
3FCE- 03 03 01
3FD1- 01 01 01
3FD4- 01 01     6120            .HS 0303010101010101
3FD6- 05 05 05
3FD9- 05 05 01
3FDC- 07 01     6130            .HS 0505050505010701
3FDE- 01 07 01
3FE1- 05 05 05
3FE4- 05 05     6140            .HS 0107010505050505
3FE6- 01 05 05
3FE9- 05 05 05
3FEC- 01 01     6150            .HS 0105050505050101
3FEE- 01 01 01
3FF1- 01 01 01
3FF4- 01 01     6160            .HS 0101010101010101
3FF6- 01 01 01
3FF9- 01 01 01
3FFC- 01 01     6170            .HS 0101010101010101
3FFE- 05 05 05
4001- 05 05 01
4004- 07 01     6180            .HS 0505050505010701
4006- 00 00 00
4009- 00 00 00
400C- 00 00     6190            .HS 0000000000000000
400E- 00 00 00
4011- 00 00 00
4014- 00 00     6200            .HS 0000000000000000
               1180        .EN


SYMBOL TABLE

D405- ATTACK.1
D40C- ATTACK.2
D413- ATTACK.3
D021- BACKGROUND.COLOR
0054- BANK.STAGE
005B- BANKX
0000- BLACK
0062- BLOW.UP.DELAY
0CF2- BLOW.UP.SHIP
.03=0D0C, .04=0D0E, .06=0D29, .07=0D2F
.08=0D34, .05=0D42, .02=0D45, .01=0D50
0245- BLOWUP.SND
3019- BLOWUP.SOUND.TBL
0028- BLPSND
0006- BLUE
D020- BORDER.COLOR
0009- BROWN
1765- BUILD.MAN
.01=1778, .02=177C
16FC- BUILD.TOWER
0247- BUZZ
10D3- CALC.NEW.HEIGHT
10E4- CALC.S11
.01=10EE
10F1- CALC.S12
.01=10FC
1ECF- CALC.SAUCER.POS
.03=1EE5, .02=1F0A, .01=1F1D
0AA7- CALC.SHIP.STAGE
.01=0AB2, .02=0ABE, .05=0AC9, .03=0ACB
.04=0AD7, .06=0AD8
108F- CALCS.OK
106E- CALCS1
138C- CALCULATE.XMOVE
.10=139E, .02=13A8, .03=13B5, .01=13B8
.06=13CD, .05=13D0, .04=13D5, .07=13E2
.09=13FB
189B- CHANCE.TBL
4000- CHARACTER.MEMORY
1F1E- CHECK.BORDERS
.01=1F2E, .02=1F38, .03=1F43, .04=1F4B
1C1D- CHECK.ISSUE
.03=1C36, .01=1C38, .02=1C39
DC0D- CIA.1.IRQ
DD0D- CIA.2.IRQ
DC0E- CIA1.CTRL.A
DC0F- CIA1.CTRL.B
DD0E- CIA2.CTRL.A
DD0F- CIA2.CTRL.B
0DDC- CLEAR.SCREEN
.01=0DDF
1421- CNTDN
0860- COLD.START
.01=0867
1449- COLLISION.DETECT
.10=144E, .03=145D, .04=146A, .02=1491
.05=1499, .01=14D6
D800- COLOR.MEMORY
0A11- COLORS.FOR.SHIELD
0A71- CONTINUE.SPEED
.03=0A81, .05=0A8E, .01=0A8F, .04=0A99
.02=0AA6
1A01- CRATER
0099- CRATER.FLAG
0003- CYAN
DC02- DDRA1
DD02- DDRA2
DC03- DDRB1
DD03- DDRB2
0003- DEATH.SPEED
1669- DELAY
.02=166B, .01=166D
13FE- DIVIDER
000B- DK.GREY
0BF9- DO.BANK.INDICATOR
.02=0C10, .01=0C1B
1346- DO.COMET
09BB- DO.DOWN
.02=09D2, .01=09ED
0C4A- DO.FUEL
.13=0C4F, .08=0C5D, .09=0C5F, .04=0C74
.07=0C7E, .03=0C8C, .05=0C90, .12=0C92
.45=0C98, .11=0CBA, .01=0CD2, .02=0CD3
.06=0CE7
0A17- DO.LEFT
.11=0A21, .02=0A2B, .01=0A38, .03=0A43
0E9D- DO.LIVES
.02=0EA5, .01=0EAC, .03=0EAE
0EC2- DO.MEN.PICKED.UP
.01=0ECB, .02=0ED3, .03=0ED5
0EB5- DO.MOON.INDICATOR
1A14- DO.MOTHER.SHIP
.01=1A24, .03=1A3A, .02=1A3D
179A- DO.MULTI.COLOR
.01=17A1, .03=17AB, .04=17BB, .05=17BD
.02=17C0
1241- DO.ORBIT
.02=1253, .03=1257, .05=1259, .04=126C
.01=126F
1939- DO.PICTURE.UPDATE
.02=195C, .12=1960, .03=1961, .04=1974
.01=1979, .13=1986, .06=198B, .05=1993
.07=199F, .08=19AE, .09=19BD, .10=19CA
.11=19D7
1351- DO.PLANET
16DC- DO.PLANET.SPRITES
.03=16EA, .01=16EB, .02=16F4
184B- DO.RADAR.MAN
.02=1874, .01=1877, .03=1885
1888- DO.RADAR.SHIP
.01=1898
0A44- DO.RIGHT
.11=0A4E, .02=0A58, .01=0A65, .03=0A70
009E- DO.RINGS.FLAG
133B- DO.SATELLITE
1CF0- DO.SAUCER
.04=1D16, .05=1D1D, .03=1D1F, .02=1D5B
.01=1D5E
0F90- DO.SCORE
.01=0F98
0F60- DO.SCORE.ADD
.01=0F8F
09EE- DO.SHIELD
.01=0A02
0917- DO.SHIP
.03=091F, .02=092C, .21=0936, .22=0938
.04=094A, .01=0958
0976- DO.SHIP.2
0979- DO.SHIP.3
095D- DO.SHIP.4
2497- DO.SHIP.COLLISIONS
.02=249E, .68=24AA, .67=24B4, .01=24F0
.03=24F1, .31=2529, .05=2558, .06=2563
.07=2572, .04=2573
0AFD- DO.SHOOT
.01=0B02, .05=0B13, .02=0B21, .03=0B35
.04=0B3B, .06=0B50, .07=0B5F, .08=0B69
.09=0B87, .10=0B89
25BD- DO.SHOT.COLLISIONS
.12=25C5, .11=25C6, .02=25D1, .03=2618
.04=261A, .06=261C, .07=2623, .05=2626
.08=263A, .09=264E, .10=2650, .01=2660
23E0- DO.SOUNDS
.01=2407, .02=241B
1270- DO.SPRITE
.03=129C, .02=129D, .01=12AE, .04=12C7
.05=12D4, .06=12DE, .07=12F3, .08=12FF
.09=130C, .10=131A
0AE8- DO.STRAIGHTEN
.02=0AF7, .01=0AFC
102F- DO.STRIPES
.01=103B
098D- DO.UP
.01=09A3, .02=09BA
0C1C- DO.VELOCITY
.03=0C34, .02=0C41
18D3- DO.XYPOSITION
.09=18ED, .01=18F1, .02=18F8, .05=1906
.07=190A, .08=190D, .04=190E, .06=1923
.03=192C
D406- ENVELOPE.1
D40D- ENVELOPE.2
D414- ENVELOPE.3
0983- EXECUTION.TABLE
009F- EXPLODE.DELAY
008F- EXPLODE.FLAG
0094- EXPLODE.INDEX
1A09- EXPLOSION
0200- EXTRA.LIFE
1145- FILL.SRAM
.01=1147
104A- FIND.STRIPE
2066- FIRE.SAUCER.SHOT
.02=209F, .03=20A3, .04=20A5, .01=20EA
105A- FOUND.STRIPE
D400- FRQ.1
D407- FRQ.2
D40E- FRQ.3
0053- FUEL
0060- FUEL.DELAY
0052- FUEL.IND
236E- FUEL.IND.XPOS
0064- FUEL.LOW.FLAG
0040- FUELBURN
005C- FUELX
0047- GALAXY
087A- GALAXY.LOOP
162A- GAME.OVER
.02=163B, .03=164D
1657- GAME.OVER.CHRS
0016- GAME.STATUS
2FBD- GAMEND
299D- GAMESET
1835- GET.A.SPRITE
.01=1837, .04=183B, .02=1841, .03=184A
1322- GET.PICTURE
20EB- GET.SHOT.VELOCITY
.01=2104, .02=2111, .08=211A, .04=2121
.03=2128, .06=2133, .05=2137, .09=2159
.13=2163, .11=216F, .07=2174, .10=218C
.12=218E
1674- GETPORT
19E0- GETRND
0005- GREEN
0019- GROUND.SPEED
0FC2- HYPER.SPACE
.03=0FCC, .01=0FCF, .02=0FDF, .06=0FE6
.04=0FE9, .05=0FF9, .90=1006
0E72- INIT.GAME
0D51- INIT.HARDWARE
.01=0DB6
0E37- INIT.IO
08A4- INIT.ORBIT
.01=08F0, .02=08F6
0907- INIT.ORBIT2
14D7- INTO.PLANET
.01=1515, .82=1527, .83=152C, .08=1551
.07=1577, .02=157D, .21=1582, .04=158C
.89=159B, .88=15A0, .06=15A7, .61=15B7
.05=15CC
2FC9- INTO.PLANET.TBL
2767- IRQ.DONE
D01A- IRQ.ENABLE
000D- IRQ.TEMP1
2661- IRQ1
.01=269A, .03=26A3, .02=26D1, .04=26D7
2781- IRQ2
.07=2794, .02=27C8, .01=27E6, .20=27EF
2813- IRQ3
.04=2848, .03=2868, .02=287D
276D- IRQEND
0315- IRQHI
0314- IRQLO
006F- ISSUE.DELAY
0017- ISSUE.STRIPE
1ADA- ISSUE.TIMER
0061- KILL.FLAG
0AE5- LEFT.TABLE
0048- LIVES
1114- LOAD.S1
.01=1138
1101- LOAD.STRIPES
.01=110A
000E- LT.BLUE
000D- LT.GREEN
000F- LT.GREY
000A- LT.RED
19F9- MAN
2FEA- MAN.SOUND.TBL
D418- MASTER.VOLUME
0020- MAXIMUM.SPEED
000F- MAXIMUM.VEL
D022- MCOL1
D023- MCOL2
000C- MED.GREY
004A- MEN.PICKED.UP
006A- MID.COLLIDE
0008- MINIMUM.SPEED
0001- MINIMUM.VEL
21F6- MISS.PROBABILITY
0049- MOON.INDICATOR
123D- MOONTBL
1C4B- MOTHER.COLLISION
.03=1C5F, .02=1C66, .01=1C77, .04=1C78
.08=1C8A, .06=1C9A, .05=1CAA, .07=1CC3
0202- MOTHER.DELAY
0201- MOTHER.DIR
1AEA- MOTHER.DONE.CHECK
.05=1AF1, .03=1B18, .02=1B1B, .01=1B1C
.08=1B1E, .06=1B43, .04=1B47
1CE5- MOTHER.EXPLOSION
0220- MOTHER.FLAG
022E- MOTHER.KILL.COUNT
022D- MOTHER.KILL.FLAG
0221- MOTHER.MOVE.FLAG
0210- MOTHER.PATH
020D- MOTHER.SPRITE
1CED- MOTHER.SPRITES.L
1CEA- MOTHER.SPRITES.R
0203- MOTHER.STATUS
1B4D- MOTHER.XMOVER
.03=1B54, .02=1B6C, .01=1B73, .05=1B75
.04=1B8D
1B94- MOTHER.Y1
.10=1BA0, .15=1BAC, .11=1BB1, .16=1BBD
.03=1BC2, .12=1BC7, .14=1BCF, .13=1BD2
.02=1BD3, .01=1BDA
1BE7- MOTHER.Y2
.03=1BFC, .04=1BFE, .02=1C04, .01=1C05
0207- MOTHERX
020A- MOTHERXMSB
0204- MOTHERY
0F2E- MOV.ALL
.01=0F38
1D82- MOVE.SAUCER
.07=1D84, .03=1D89, .01=1D8C, .05=1DB5
.04=1DBC, .02=1E4C, .06=1E52
1E82- MOVE.SAUCERY
.01=1E9D, .02=1EAA, .03=1EB4, .04=1EBC
.05=1EC6, .06=1ECE
0EDC- MOVE.SCREEN
0F07- MOVE.U
0070- MULTI.COLOR.SAVE
1406- NEXT.BIT
0319- NMIHI
0318- NMILO
106A- NO.ISSUE
10CB- NO.STRIPE.1
10B9- NOT.THERE.YET
00F1- NOTE.DELAY
00EF- NOTE.POINTER
1141- NULL.WIDTH
000F- NUMBER.OF.STRIPES
00B1- OBJECT.COLOR
00AC- OBJECT.TYPE
0003- OFTEN
0235- OLDSHIP.DELAY
0233- OLDSHIPX
0008- ORANGE
3C1E- ORBIT.ATR
088C- ORBIT.LOOP
3826- ORBIT.SCR
00BB- ORBIT.SPRITE
0E8B- PANEL
.01=0E8D
2881- PANEL.IRQ
1425- PARABOLA.YTBL
114D- PICK.GALAXY
.11=115C, .02=116C, .01=1173, .04=1180
.03=1187, .06=119B, .07=11A8, .05=11A9
.09=11BC, .08=11C9, .85=11CE, .83=11EF
.82=11F8, .84=120C, .81=121D, .86=1224
248C- PLANET.COLLISIONS
.01=2493
006E- PLANET.COLOR
136C- PLANET.COLOR.TBL
15D0- PLANET.SCENE
.01=15F8
2FBD- PLANET.SUB.COLOR
000E- POINT1
0010- POINT2
0012- POINT3
0014- POINT4
DC00- PORTA1
DD00- PORTA2
DC01- PORTB1
DD01- PORTB2
0FAC- PRINT.SCORE
.02=0FB8, .03=0FC0
0004- PURPLE
00D8- RADAR.MANX
00D9- RADAR.SHIPX
0066- RANDOM.NUMBER
D012- RASTER
00A1- READ.COLL.FLAG
295C- REAL.TIME
.01=2973, .03=298F, .05=2994
0002- RED
0065- REENTRY.COLOR
0AE2- RIGHT.TABLE
1A0C- RING
00A0- RING.COUNT
00A2- RING.DELAY
259D- RING.FRQ.TBL
0248- RING.SOUND.INDEX
3010- RING.SOUND.TBL
0212- SATELLITE.FLAG
1AD2- SATELLITE.PROB
21EE- SAUC.SHOT.TIMER
1622- SAUCER.AIM.TIME
1F6F- SAUCER.COLLISION
.15=1F77, .16=1F7F, .02=1F90, .03=1F91
.09=1F9E, .13=1FB6, .04=1FD0, .10=1FDD
.14=1FF5, .01=200F, .06=2020, .05=2034
.07=2045, .08=2056
021F- SAUCER.COUNT
022C- SAUCER.DELAY
1F6C- SAUCER.DROP
2062- SAUCER.EXPLOSION
021D- SAUCER.INDEX
1D65- SAUCER.INIT
022F- SAUCER.KILL.FLAG
0231- SAUCER.KILL.INDEX
1E53- SAUCER.MOVER
.03=1E68, .02=1E72, .01=1E7C
1F64- SAUCER.PIC.TABLE
023B- SAUCER.SHOT.DELAY
0238- SAUCER.SHOT.STATUS
218F- SAUCER.SHOT.UPDATE
.02=21DE, .01=21E4, .03=21ED
0239- SAUCER.SHOT.XFRAC
0236- SAUCER.SHOT.XVEL
023A- SAUCER.SHOT.YFRAC
0237- SAUCER.SHOT.YVEL
3007- SAUCER.SOUND.TBL
021B- SAUCER.SPRITE
0213- SAUCER.STATUS
022A- SAUCER.UP.DELAY
1AE2- SAUCER.VEL.TBL
0226- SAUCER.XFRAC
0222- SAUCER.XVEL
0228- SAUCER.YFRAC
0224- SAUCER.YVEL
0217- SAUCERX
0219- SAUCERXMSB
0215- SAUCERY
D404- SCNTRL.1
D40B- SCNTRL.2
D412- SCNTRL.3
004B- SCORE
004E- SCORE.TEMP
4800- SCREEN.MEMORY
006C- SCROLL.COUNT
237D- SCROLL.DOWN
.01=23A1, .02=23A3
167D- SCROLL.UP
.01=169F, .02=16A1
227E- SCROLLERS
.01=2295, .54=229A, .02=22A8, .32=22B7
.34=22BC, .03=22C1, .04=22C3, .98=22CE
.05=22F2, .06=2306, .07=232E, .08=2335
.09=234C, .11=2354, .12=235C, .10=235E
1A3E- SETUP.MOTHER
.01=1A92
17CD- SETUP.XPOS
.01=17D3, .03=17E7, .02=17F0, .04=17F9
.05=180E, .06=181D
1AAF- SETUP.XPOS.START
.02=1AB8, .01=1AC2, .03=1AC4
0076- SHAPE.CHANGE
0071- SHAPE.INDEX
0056- SHIELD.COLOR
0055- SHIELD.DELAY
005F- SHIELD.ON.FLAG
0004- SHIELDBURN
006B- SHIP.COLLIDE
0058- SHIP.COLOR
005D- SHIP.DELAY
0057- SHIP.PHASE
00DA- SHIPX
00DC- SHIPY
00A7- SHOT.COLOR
00AB- SHOT.COUNT
00A8- SHOT.DELAY
00A4- SHOT.POINTER
0243- SHOT.SND
0040- SHOT.SPEED
00A3- SHOT.STATUS
00A5- SHOT.TIME
00A6- SHOT.TIME.REP
0246- SHOT.UP.FLAG
00AA- SHOT.XFLAG
00A9- SHOT.XMOVER
00DD- SHOTX
00DF- SHOTY
0040- SHTSND
0211- SINE.Y
2916- SOUNDER
.03=292A, .04=2950, .01=2957, .02=2959
0241- SPACE.SND
006D- SPEED.DELAY
D01F- SPRITE.BCOLIDE
D027- SPRITE.COLOR
D015- SPRITE.ENABLE
0085- SPRITE.FRACTION
D025- SPRITE.MCOLOR.0
D026- SPRITE.MCOLOR.1
4C00- SPRITE.MEMORY
D01C- SPRITE.MULTI.COLOR
4BF8- SPRITE.POINTER
D01B- SPRITE.PRIORITY
D01E- SPRITE.SCOLIDE
00B6- SPRITE.STATUS
008A- SPRITE.WHOLE
D010- SPRITE.XMSB
D000- SPRITE.XPOS
D01D- SPRITE.XXPAND
D001- SPRITE.YPOS
D017- SPRITE.YXPAND
00D7- START.DELAY
023C- STOP.MOVE.FLAG
3025- STOP.SOUND
000C- STRIPE.HEIGHT
001A- STRIPE.TABLE
27FC- SUPERIRQ
.01=2804
024A- SYNC.COUNT
024B- SYNC.COUNT2
21FE- TAKE.OFF.MOON
.01=2231, .05=2242, .13=224D, .02=226B
.03=2270, .04=2275
2366- TAKE.OFF.SCORE
0005- TEMP1
0006- TEMP2
0007- TEMP3
0008- TEMP4
0009- TEMP5
000A- TEMP6
000B- TEMP7
000C- TEMP8
1015- TIME.HYPER
.01=101C
0069- TOP.COLLIDE
19F1- TOWER.BOT
19E9- TOWER.TOP
342E- UNIV.ATR
3036- UNIV.SCR
0067- UPDATE.DELAY
18A3- UPDATE.PLNT.SPRITES
.02=18A5, .03=18BD, .04=18C3, .01=18CF
1F4C- UPDATE.SAUCER
.02=1F50, .01=1F5A
0B8C- UPDATE.SHOT
.07=0B9A, .08=0B9C, .03=0BB5, .02=0BC1
.06=0BD2, .04=0BDE, .05=0BF0, .01=0BF8
1F5D- UPDATE.TBL
005E- VEL.DELAY
0051- VEL.IND
3026- VEL.SUB.TABLE
0059- VELOCITY
005A- VELX
D011- VIC.CONTROL.1
D016- VIC.CONTROL.2
D019- VIC.IRQ
D018- VIC.MEMORY
241D- VOICE1
.01=2438
2447- VOICE2
.01=2455, .02=2461, .03=2474
248B- VOICE3
023F- WARNING.COUNT
0240- WARNING.FLAG
2FC5- WARNING.FRQ
D402- WAVE.1
D409- WAVE.2
D410- WAVE.3
0001- WHITE
10C7- WIDTH.OK
1235- X1
1239- X2
00C0- XDIR.FLAG
00D2- XMOVER
0249- XMSB.CHECK
00E5- XMSB.SPRITE
00D1- XMSBTEMP
00E0- XSPRITE
00CF- XTEMP
122D- Y1
1231- Y2
007B- YCOUNT
0080- YCOUNT.REP
00C5- YDIR.FLAG
0007- YELLOW
00EA- YSPRITE
00CA- YTBL.POINTER
00D0- YTEMP

0000 ERRORS IN ASSEMBLY
